Videocard Name,G3D Mark -,G2D Mark -,TDP (W) -,Category
128 DDR Radeon 9700 TX w/TV-Out,44,152,NA,Unknown
128 DDR Radeon 9800 Pro,62,191,NA,Unknown
128MB DDR Radeon 9800 Pro,66,175,NA,Unknown
128MB RADEON X600 SE,49,229,NA,Unknown
15FF,"8,229",538,NA,Unknown
256MB DDR Radeon 9800 XT,38,192,NA,Unknown
256MB RADEON X600,67,252,NA,Unknown
3DP Edition,827,931,NA,Unknown
64MB DDR GeForce3 Ti 200,6,218,NA,Unknown
64MB GeForce2 MX with TV Out,3,98,NA,Unknown
7900 MOD - Radeon HD 6520G,610,323,NA,Unknown
7900 MOD - Radeon HD 6550D,893,536,NA,Unknown
9xx Soldiers sans frontiers Sigma 2,22,253,NA,Unknown
A10-8700P,514,302,NA,Unknown
A16,"5,797",56,NA,Unknown
A40-12Q,"5,573",198,NA,Unknown
A6 Micro-6500T Quad-Core APU with RadeonR4,220,127,NA,Unknown
ABIT Siluro T400,4,151,NA,Unknown
ALL-IN-WONDER 9000,5,103,NA,Unknown
ALL-IN-WONDER 9800,23,139,NA,Unknown
ALL-IN-WONDER RADEON 8500DV,6,128,NA,Unknown
All-in-Wonder X1800XL,30,283,NA,Unknown
All-in-Wonder X1900,127,445,NA,Unknown
ALL-IN-WONDER X800 GT,84,186,NA,Unknown
AMIGAMERLIN 3.1-R1 For Voodoo 4 4500 PCI,3,110,NA,Unknown
ASUS A7000,9,164,NA,Unknown
ASUS AGP-V3800PRO v31.40H,5,149,NA,Unknown
ASUS EAH4870x2,496,539,NA,Unknown
Asus GTX 650 FML II EC-EGPU,721,534,NA,Unknown
ASUS V9520-X V62.11,8,208,NA,Unknown
B8DKMDAP,"4,557",534,NA,Unknown
Barco MXRT 1450,206,520,NA,Unknown
Barco MXRT 2600,900,649,NA,Unknown
Barco MXRT 5400,"1,161",457,NA,Unknown
Barco MXRT 5450,"1,079",478,NA,Unknown
Barco MXRT 5500,"2,702",510,NA,Unknown
Barco MXRT 7100,180,659,NA,Unknown
Barco MXRT 7400,901,682,NA,Unknown
Barco MXRT 7500,"4,319",762,NA,Unknown
Barco MXRT 7600,"4,944",442,NA,Unknown
BASICDISPLAY,70,691,NA,Unknown
CARRIZO 9874,247,69,NA,Unknown
Citrix Indirect Display Adapter,"4,447",700,NA,Unknown
CONNECT 3D RADEON X300,36,191,NA,Unknown
Custom GPU 0405,"2,832",489,NA,Unknown
Dell 8100,2,58,NA,Unknown
Dell 8200,4,205,NA,Unknown
Diamond X1300-PCIE 256MB,70,286,NA,Unknown
EAH5450,134,216,NA,Unknown
EG PARK,141,7,NA,Unknown
EIZO MED-X5000,"3,038",405,NA,Unknown
EIZO Quadro MED-XN51LP,"4,955",812,NA,Unknown
Embedded Radeon E9173,"1,798",368,NA,Unknown
Extreme AX850 PRO,120,218,NA,Unknown
Familia Intel Q33 Express Chipset,10,168,NA,Unknown
Famille de jeu de puces Express Intel 946GZ,7,230,NA,Unknown
FireGL T2-128,31,178,NA,Workstation
FireGL V3100,53,275,NA,Workstation
FireGL V3200,85,236,NA,Workstation
FireGL V3300,71,326,NA,Workstation
FireGL V3350,69,336,NA,Workstation
FireGL V3400,103,353,NA,Workstation
FireGL V3600,180,399,NA,Workstation
FireGL V5100,93,250,NA,Workstation
FireGL V5200,115,348,NA,Workstation
FireGL V5600,341,445,NA,Workstation
FireGL V7100,72,223,NA,Workstation
FireGL V7200,116,348,NA,Workstation
FireGL V7300,128,322,NA,Workstation
FireGL V7350,111,344,NA,Workstation
FireGL V7600,616,488,NA,Workstation
FireGL V7700,660,422,NA,Workstation
FireGL V8600,839,406,NA,Workstation
FireGL V8650,550,637,NA,Workstation
FireGL X1,59,167,NA,Unknown
FireMV 2200 PCI,1,153,NA,Workstation
FireMV 2200 PCIe,36,259,NA,Workstation
FireMV 2250,46,290,NA,Unknown
FireMV 2260,117,488,15,Workstation
FireMV 2400 PCIe,11,283,NA,Workstation
FireMV 2450,74,610,NA,Unknown
FirePro 2260,113,431,NA,Unknown
FirePro 2270,147,195,17,Workstation
FirePro 2450,51,482,36,Workstation
FirePro 2460,170,352,17,Workstation
FirePro 3D V3700,179,466,32,Workstation
FirePro 3D V3750,341,467,48,Workstation
FirePro 3D V3800,472,507,43,Workstation
FirePro 3D V4800,854,324,69,Workstation
FirePro 3D V5700,547,517,58,Workstation
FirePro 3D V5800,"1,232",339,74,Workstation
FirePro 3D V7750,545,468,76,Workstation
FirePro 3D V7800,"1,867",562,138,Workstation
FirePro 3D V8700,"1,206",515,151,Workstation
FirePro 3D V8750,"1,272",542,154,Workstation
FirePro 3D V8800,"2,438",632,208,Workstation
FirePro 3D V9800,"2,812",556,225,Workstation
FirePro M2000,406,206,NA,Workstation
FirePro M4000,"1,597",410,NA,Workstation
FirePro M4000 Mobility Pro,"1,615",475,NA,Unknown
FirePro M40003,"1,364",652,NA,Unknown
Firepro M4100,"1,059",623,NA,Workstation
FirePro M4150,999,207,NA,Unknown
FirePro M4170,"1,067",290,NA,Unknown
FirePro M5100,"2,103",800,NA,Workstation
FirePro M5100 FireGL V,"1,839",867,NA,Unknown
FirePro M5950,"1,314",574,NA,Workstation
FirePro M6000,"1,820",776,NA,Workstation
FirePro M6000 Mobility Pro,"1,709",320,NA,Unknown
FirePro M6100,"1,945",338,NA,Workstation
FirePro M6100 FireGL V,"2,656",519,NA,Unknown
FirePro M7740,665,415,NA,Workstation
FirePro R5000,"2,647",625,NA,Unknown
FirePro RG220,335,552,35,Workstation
FirePro S10000,"5,315",493,NA,Unknown
FirePro S7000,"4,166",615,150,Workstation
FirePro S7150,"6,276",866,NA,Unknown
FirePro S9000,"5,059",561,NA,Unknown
FirePro S9050,"4,901",369,NA,Unknown
FirePro V3800,332,188,NA,Unknown
FirePro V3900,662,242,50,Workstation
FirePro V4900,974,318,75,Workstation
FirePro V5700,465,469,NA,Unknown
FirePro V5800,"1,186",339,NA,Unknown
FirePro V5900,"1,271",352,75,Workstation
FirePro V7000,"3,162",668,NA,Unknown
FirePro V7800,"2,034",290,NA,Unknown
FirePro V7900,"2,310",324,150,Workstation
FirePro V8700,"1,539",527,NA,Unknown
FirePro V8800,"2,223",471,NA,Unknown
FirePro V9800,"2,727",655,NA,Unknown
FirePro W2100,889,326,26,Workstation
FirePro W4100,"1,541",535,50,Workstation
FirePro W4170M,954,223,NA,Unknown
Firepro W4190M,"1,086",194,NA,Unknown
FirePro W4300,"2,835",740,50,Workstation
FirePro W5000,"3,051",597,75,Workstation
FirePro W5100,"2,955",534,75,Workstation
FirePro W5130M,"1,341",307,NA,Unknown
Firepro W5170M,"1,555",399,NA,"Mobile, Workstation"
FirePro W600,"1,752",631,75,Workstation
FirePro W6150M,"1,515",314,NA,Unknown
FirePro W7000,"4,276",551,150,Workstation
FirePro W7000 Adapter,"4,340",692,NA,Unknown
FirePro W7100,"5,216",686,150,Workstation
FirePro W7170M,"3,162",418,NA,Unknown
FirePro W8000,"4,138",570,189,Workstation
FirePro W8100,"7,327",759,220,Workstation
FirePro W9000,"6,138",720,274,Workstation
FirePro W9100,"7,750",884,275,Workstation
FireStream 9170,647,493,NA,Unknown
FireStream 9250,"1,165",465,150,Workstation
FireStream 9270,"1,341",473,160,Workstation
FireStream 9370,"2,528",763,225,Workstation
GeCube RADEON 7000,9,144,NA,Unknown
GeForce 205,126,309,30.5,Desktop
GeForce 210,97,40,30.5,Desktop
GeForce 240M GT,320,434,NA,Unknown
GeForce 256,5,201,NA,Unknown
GeForce 305M,151,149,14,Mobile
GeForce 310,122,61,30.5,Desktop
GeForce 310M,112,27,14,Mobile
GeForce 315,159,66,33,Desktop
GeForce 315M,116,52,14,Mobile
GeForce 320M,219,69,20,Mobile
GeForce 405,122,63,NA,Unknown
GeForce 410M,250,129,12,Mobile
GeForce 505,187,587,NA,Unknown
GeForce 510,257,199,25,Desktop
GeForce 605,305,179,NA,Unknown
GeForce 6100,27,44,NA,Unknown
GeForce 6100 nForce 400,25,242,NA,Unknown
GeForce 6100 nForce 405,22,211,NA,Unknown
GeForce 6100 nForce 420,25,234,NA,Unknown
GeForce 6100 nForce 430,23,249,NA,Unknown
GeForce 610M,292,104,NA,Unknown
GeForce 615,552,412,NA,Unknown
GeForce 6150,22,250,NA,Unknown
GeForce 6150 LE,33,30,NA,Unknown
GeForce 6150SE,25,266,NA,Unknown
GeForce 6150SE nForce 430,30,21,NA,Unknown
GeForce 6200,35,58,NA,Desktop
GeForce 6200 A-LE,32,192,NA,Desktop
GeForce 6200 LE,31,89,NA,Desktop
GeForce 6200 TurboCache,46,78,NA,Unknown
GeForce 6200A,4,117,NA,Desktop
GeForce 6200SE TurboCache,37,146,NA,Unknown
GeForce 6500,38,300,NA,Desktop
GeForce 6600,91,79,NA,Desktop
GeForce 6600 GT,137,67,NA,Desktop
GeForce 6600 LE,51,234,NA,Desktop
GeForce 6610 XL,89,288,NA,Unknown
GeForce 6700 XL,95,243,NA,Unknown
GeForce 6800,113,258,NA,Desktop
GeForce 6800 GS,195,121,NA,Desktop
GeForce 6800 GS/XT,103,196,NA,Desktop
GeForce 6800 GT,142,212,NA,Desktop
GeForce 6800 LE,110,166,NA,Desktop
GeForce 6800 Ultra,139,153,NA,Desktop
GeForce 6800 XE,59,166,NA,Unknown
GeForce 6800 XT,128,150,NA,Desktop
GeForce 7000M,13,239,NA,Mobile
GeForce 7000M / nForce 610M,13,188,NA,Unknown
GeForce 7025 / nForce 630a,34,18,NA,Unknown
GeForce 7050 / nForce 610i,24,148,NA,Unknown
GeForce 7050 / nForce 620i,39,129,NA,Unknown
GeForce 7050 / nForce 630i,38,145,NA,Unknown
GeForce 7050 PV / nForce 630a,31,109,NA,Unknown
GeForce 705M,456,455,NA,Unknown
GeForce 7100 / nForce 620i,26,229,NA,Unknown
GeForce 7100 / nForce 630i,35,67,NA,Desktop
GeForce 7100 GS,52,133,NA,Desktop
GeForce 710A,451,258,33,Desktop
GeForce 710M,450,116,12,Mobile
GeForce 7150 / nForce 630i,33,254,NA,Unknown
GeForce 7150M / nForce 630M,18,194,NA,Unknown
GeForce 7200 GS,23,98,NA,Desktop
GeForce 720A,725,690,NA,Unknown
GeForce 7300 GS,82,57,NA,Desktop
GeForce 7300 GT,135,39,NA,Desktop
GeForce 7300 LE,78,85,NA,Desktop
GeForce 7300 SE,39,251,NA,Desktop
GeForce 7300 SE/7200 GS,49,40,NA,Workstation
GeForce 730A,769,205,NA,Unknown
GeForce 7350 LE,74,281,NA,Unknown
GeForce 7500 LE,87,82,NA,Desktop
GeForce 7600 GS,158,55,NA,Desktop
GeForce 7600 GT,204,101,NA,Desktop
GeForce 7650 GS,134,335,NA,Unknown
GeForce 770M,"3,246",500,NA,Unknown
GeForce 7800 GS,177,199,NA,Desktop
GeForce 7800 GT,244,273,NA,Desktop
GeForce 7800 GTX,291,196,86,Desktop
GeForce 7900 GS,254,68,NA,Desktop
GeForce 7900 GT,258,160,NA,Desktop
GeForce 7900 GT/GTO,247,469,NA,Desktop
GeForce 7900 GTX,388,165,NA,Desktop
GeForce 7950 GT,344,189,NA,Desktop
GeForce 7950 GX2,202,413,NA,Desktop
GeForce 7950 Xtreme,288,288,NA,Unknown
GeForce 800A,428,224,NA,Unknown
GeForce 800M,468,388,NA,Unknown
GeForce 8100 / nForce 720a,79,308,NA,Unknown
GeForce 810A,622,319,NA,Unknown
GeForce 810M,402,71,NA,Unknown
GeForce 8200,153,163,NA,Unknown
GeForce 8200M G,72,72,19.2,Mobile
GeForce 820A,568,162,NA,Unknown
GeForce 820M,511,112,15,Mobile
GeForce 825M,769,293,33,Mobile
GeForce 8300,102,168,NA,Unknown
GeForce 8300 GS,67,314,40,Desktop
GeForce 830A,"1,005",736,NA,Unknown
GeForce 830M,980,135,25,Mobile
GeForce 8400,81,160,NA,Unknown
GeForce 8400 GS,128,32,40,Desktop
GeForce 8400 SE,68,290,NA,Unknown
GeForce 8400M G,59,241,10,Mobile
GeForce 8400M GS,98,47,11,Mobile
GeForce 8400M GT,64,68,14,Mobile
GeForce 840A,"1,180",266,NA,Unknown
GeForce 840M,"1,067",148,30,Mobile
GeForce 845M,"1,430",233,NA,Mobile
GeForce 8500 GT,115,39,45,Desktop
GeForce 8600 GS,92,100,47,Desktop
GeForce 8600 GT,116,64,47,Desktop
GeForce 8600 GTS,161,36,75,Desktop
GeForce 8600M GS,73,57,20,Mobile
GeForce 8600M GT,89,42,20,Mobile
GeForce 8700M GT,124,97,29,Mobile
GeForce 8800 GS,332,154,105,Desktop
GeForce 8800 GT,519,86,125,Desktop
GeForce 8800 GTS,440,56,146,Desktop
GeForce 8800 GTS 512,591,109,135,Desktop
GeForce 8800 GTX,597,105,155,Desktop
GeForce 8800 Ultra,639,372,171,Desktop
GeForce 8800M GTS,382,159,50,Mobile
GeForce 8800M GTX,462,175,65,Mobile
GeForce 9100,82,345,NA,Unknown
GeForce 9100M G,74,64,NA,Unknown
GeForce 910M,578,150,NA,Unknown
GeForce 9200,171,31,NA,Unknown
GeForce 9200M GE,157,79,NA,Unknown
GeForce 9200M GS,111,55,13,Mobile
GeForce 920A,872,242,NA,Unknown
GeForce 920M,723,119,NA,Unknown
GeForce 920MX,"1,092",150,NA,Unknown
GeForce 9300,127,385,NA,Unknown
GeForce 9300 / nForce 730i,129,367,NA,Unknown
GeForce 9300 GE,84,54,NA,Desktop
GeForce 9300 GS,111,95,NA,Desktop
GeForce 9300 SE,82,344,NA,Unknown
GeForce 9300GE,98,367,NA,Unknown
GeForce 9300M G,85,242,13,Mobile
GeForce 9300M GS,92,33,13,Mobile
GeForce 930A,"1,082",391,NA,Unknown
GeForce 930M,"1,009",154,NA,Unknown
GeForce 930MX,"1,303",191,17,Mobile
GeForce 9400,112,99,NA,Unknown
GeForce 9400 GT,105,60,50,Desktop
GeForce 9400M,75,102,NA,Unknown
GeForce 9400M G,68,61,12,Mobile
GeForce 940A,"1,145",348,NA,Unknown
GeForce 940M,"1,105",154,33,Mobile
GeForce 940MX,"1,504",171,NA,Unknown
GeForce 9450,105,342,NA,Unknown
GeForce 945A,"1,852",716,NA,Unknown
GeForce 945M,"1,945",256,NA,Unknown
GeForce 9500 GS,157,66,NA,Unknown
GeForce 9500 GT,135,40,50,Desktop
GeForce 9500M,104,320,NA,Unknown
GeForce 9500M G,122,172,20,Mobile
GeForce 9500M GS,104,74,20,Mobile
GeForce 9600 GS,279,57,NA,Desktop
GeForce 9600 GSO,350,118,84,Desktop
GeForce 9600 GSO 512,345,111,90,Desktop
GeForce 9600 GT,505,60,95,Desktop
GeForce 9600M GS,119,70,20,Mobile
GeForce 9600M GT,132,40,23,Mobile
GeForce 9600M GT / GeForce GT 220M,293,291,NA,Unknown
GeForce 9650M GS,270,328,29,Mobile
GeForce 9650M GT,140,75,23,Mobile
GeForce 9700M GT,217,156,45,Mobile
GeForce 9700M GTS,326,106,60,Mobile
GeForce 9800 GT,482,99,125,Desktop
GeForce 9800 GT 1024MB,134,315,NA,Unknown
GeForce 9800 GTX,769,366,140,Desktop
GeForce 9800 GTX+,538,139,141,Desktop
GeForce 9800 GTX/9800 GTX+,632,128,NA,Unknown
GeForce 9800 GX2,798,518,197,Desktop
GeForce 9800 S,636,427,NA,Unknown
GeForce 9800M GS,460,109,60,Mobile
GeForce 9800M GT,424,130,65,Mobile
GeForce 9800M GTS,379,135,75,Mobile
GeForce 9800M GTX,462,117,75,Mobile
GeForce 999 GTX,84,138,NA,Unknown
GeForce FX 5100,8,247,NA,Unknown
GeForce FX 5200,8,154,NA,Desktop
GeForce FX 5200 Ultra,12,138,NA,Desktop
GeForce FX 5200LE,7,170,NA,Unknown
GeForce FX 5200SE,12,194,NA,Unknown
GeForce FX 5500,8,152,NA,Desktop
GeForce FX 5600,13,168,NA,Desktop
GeForce FX 5600 Ultra,17,122,NA,Desktop
GeForce FX 5600XT,9,166,NA,Unknown
GeForce FX 5700,41,173,NA,Desktop
GeForce FX 5700 Ultra,34,126,NA,Desktop
GeForce FX 5700LE,25,147,NA,Desktop
GeForce FX 5700VE,33,161,NA,Desktop
GeForce FX 5900,35,188,NA,Desktop
GeForce FX 5900 Ultra,41,170,NA,Desktop
GeForce FX 5900XT,40,134,NA,Desktop
GeForce FX 5900ZT,33,129,NA,Desktop
GeForce FX 5950 Ultra,59,274,NA,Desktop
GeForce FX Go 5200,8,190,NA,Mobile
GeForce FX Go 5600,18,186,NA,Mobile
GeForce FX Go5300,13,159,NA,Unknown
GeForce FX Go5650,17,211,NA,Unknown
GeForce FX Go5700,51,171,NA,Unknown
GeForce G 103M,61,39,14,Mobile
GeForce G 105M,65,32,14,Mobile
GeForce G100,141,60,NA,Unknown
GeForce G102M,134,137,NA,Unknown
GeForce G105M,108,46,NA,Unknown
GeForce G200,200,156,NA,Unknown
GeForce G205M,92,294,NA,Unknown
GeForce G210,104,53,NA,Unknown
GeForce G210M,122,36,14,Mobile
GeForce Go 6100,18,181,NA,Unknown
GeForce Go 6150,19,92,NA,Unknown
GeForce Go 6200,15,204,NA,Mobile
GeForce Go 6400,24,212,NA,Mobile
GeForce Go 6600,69,209,NA,Mobile
GeForce Go 6600 TE/6200 TE,45,223,NA,Unknown
GeForce Go 6800,106,205,NA,Mobile
GeForce Go 6800 Ultra,138,198,NA,Mobile
GeForce Go 7200,45,199,NA,Mobile
GeForce Go 7300,52,114,NA,Mobile
GeForce Go 7400,66,112,NA,Mobile
GeForce Go 7600,128,220,NA,Mobile
GeForce Go 7600 GT,210,125,NA,Mobile
GeForce Go 7700,148,232,NA,Mobile
GeForce Go 7800,115,209,35,Mobile
GeForce Go 7800 GTX,210,239,65,Mobile
GeForce Go 7900 GS,176,254,20,Mobile
GeForce Go 7900 GTX,270,264,45,Mobile
GeForce Go 7950 GTX,264,283,45,Mobile
GeForce GPU,"1,237",164,NA,Mobile
GeForce GT 1030,"2,545",449,30,Desktop
GeForce GT 120,175,91,50,Desktop
GeForce GT 120 / 9500 GT,325,327,NA,Unknown
GeForce GT 120M,266,272,23,Mobile
GeForce GT 130,347,143,75,Desktop
GeForce GT 130M,146,37,23,Mobile
GeForce GT 140,658,225,105,Desktop
GeForce GT 220,208,57,58,Desktop
GeForce GT 220M,121,92,14,Mobile
GeForce GT 230,322,80,NA,Unknown
GeForce GT 230M,201,48,23,Mobile
GeForce GT 240,544,81,69,Desktop
GeForce GT 240M,205,61,23,Mobile
GeForce GT 320,444,92,43,Desktop
GeForce GT 320M,107,41,14,Mobile
GeForce GT 325M,171,52,23,Mobile
GeForce GT 330,422,119,NA,Unknown
GeForce GT 330M,209,57,23,Mobile
GeForce GT 335M,400,49,28,Mobile
GeForce GT 340,774,469,69,Desktop
GeForce GT 415,248,363,NA,Unknown
GeForce GT 415M,286,221,12,Mobile
GeForce GT 420,411,187,50,Desktop
GeForce GT 420M,418,83,23,Mobile
GeForce GT 425M,517,175,23,Mobile
GeForce GT 430,597,189,49,Desktop
GeForce GT 435M,521,208,35,Mobile
GeForce GT 440,766,238,65,Desktop
GeForce GT 445M,881,250,35,Mobile
GeForce GT 520,295,126,29,Desktop
GeForce GT 520M,288,74,12,Mobile
GeForce GT 520MX,293,56,20,Mobile
GeForce GT 525M,459,95,20,Mobile
GeForce GT 530,676,227,50,Desktop
GeForce GT 540M,493,86,32,Mobile
GeForce GT 545,"1,096",342,NA,Unknown
GeForce GT 550M,580,126,32,Mobile
GeForce GT 555M,683,125,30,Mobile
GeForce GT 610,303,127,29,Desktop
GeForce GT 610M / GT 620M / GT 710M / GT 720M / GT,369,824,NA,Unknown
GeForce GT 620,364,161,30,Desktop
GeForce GT 620M,431,129,15,Mobile
GeForce GT 625,329,194,30,Desktop
GeForce GT 625M,435,210,15,Mobile
GeForce GT 630,683,207,50,Desktop
GeForce GT 630M,549,151,33,Mobile
GeForce GT 635,852,242,NA,Unknown
GeForce GT 635M,563,173,35,Mobile
GeForce GT 640,"1,182",286,65,Desktop
GeForce GT 640M,907,183,32,Mobile
GeForce GT 640M LE,673,166,32,Mobile
GeForce GT 645,"2,006",443,NA,Unknown
GeForce GT 645M,959,171,32,Mobile
GeForce GT 650M,"1,203",232,45,Mobile
GeForce GT 705,355,180,29,Desktop
GeForce GT 710,637,214,25,Desktop
GeForce GT 710M,444,123,NA,Unknown
GeForce GT 720,607,196,19,Desktop
GeForce GT 720A,601,221,NA,Unknown
GeForce GT 720M,467,116,NA,Mobile
GeForce GT 730,811,238,49,Desktop
GeForce GT 730A,743,714,NA,Unknown
GeForce GT 730M,816,173,33,Mobile
GeForce GT 735M,596,129,NA,Mobile
GeForce GT 740,"1,525",344,64,Desktop
GeForce GT 740A,702,393,NA,Unknown
GeForce GT 740M,778,143,NA,Mobile
GeForce GT 745A,"1,144",748,NA,Unknown
GeForce GT 745M,"1,054",172,45,Mobile
GeForce GT 750M,"1,320",240,50,Mobile
GeForce GT 755M,"1,610",306,50,Mobile
GeForce GT 820M,627,153,NA,Unknown
GeForce GT625M,493,170,NA,Unknown
GeForce GTS 150M,504,407,NA,Mobile
GeForce GTS 160M,679,308,60,Mobile
GeForce GTS 240,622,212,120,Desktop
GeForce GTS 250,619,93,150,Desktop
GeForce GTS 250M,569,69,28,Mobile
GeForce GTS 350M,408,113,28,Mobile
GeForce GTS 360M,655,71,38,Mobile
GeForce GTS 450,"1,315",302,106,Desktop
GeForce GTX 1050,"5,087",474,75,Desktop
GeForce GTX 1050 (Mobile),"4,462",292,NA,Mobile
GeForce GTX 1050 Ti,"6,315",651,75,Desktop
GeForce GTX 1050 Ti (Mobile),"5,919",323,NA,Mobile
GeForce GTX 1050 Ti with Max-Q Design,"5,359",362,NA,Mobile
GeForce GTX 1050 with Max-Q Design,"3,806",298,NA,Mobile
GeForce GTX 1060,"10,076",762,120,Desktop
GeForce GTX 1060 (Mobile),"8,161",444,80,Mobile
GeForce GTX 1060 3GB,"9,729",779,120,Desktop
GeForce GTX 1060 5GB,"8,782",693,120,Desktop
GeForce GTX 1060 with Max-Q Design,"7,912",430,80,Mobile
GeForce GTX 1070,"13,477",857,150,Desktop
GeForce GTX 1070 (Mobile),"10,465",603,NA,Mobile
GeForce GTX 1070 Ti,"14,489",875,180,Desktop
GeForce GTX 1070 with Max-Q Design,"10,024",469,90,Mobile
GeForce GTX 1080,"15,247",888,180,Desktop
GeForce GTX 1080 Ti,"18,266",934,250,Desktop
GeForce GTX 1080 with Max-Q Design,"11,462",729,110,Mobile
GeForce GTX 1650,"7,802",593,75,Desktop
GeForce GTX 1650 (Mobile),"6,969",384,50,Mobile
GeForce GTX 1650 SUPER,"10,037",761,100,Desktop
GeForce GTX 1650 Ti,"7,480",399,55,Mobile
GeForce GTX 1650 Ti with Max-Q Design,"6,352",339,35,Mobile
GeForce GTX 1650 with Max-Q Design,"5,882",318,35,Mobile
GeForce GTX 1660,"11,686",796,120,Desktop
GeForce GTX 1660 SUPER,"12,731",823,125,Desktop
GeForce GTX 1660 Ti,"11,797",703,120,Desktop
GeForce GTX 1660 Ti (Mobile),"10,176",507,50,Mobile
GeForce GTX 1660 Ti with Max-Q Design,"8,638",379,60,Mobile
GeForce GTX 260,"1,222",88,202,Desktop
GeForce GTX 260M,412,59,65,Mobile
GeForce GTX 275,"1,401",106,219,Desktop
GeForce GTX 280,"1,181",121,236,Desktop
GeForce GTX 280M,621,440,75,Mobile
GeForce GTX 285,"1,550",117,204,Desktop
GeForce GTX 285M,676,246,75,Mobile
GeForce GTX 295,"1,148",195,289,Desktop
GeForce GTX 460,"2,284",380,150,Desktop
GeForce GTX 460 SE,"1,969",358,150,Desktop
GeForce GTX 460 v2,"2,005",459,160,Desktop
GeForce GTX 460M,"1,193",247,50,Mobile
GeForce GTX 465,"2,681",454,200,Desktop
GeForce GTX 470,"3,151",388,215,Desktop
GeForce GTX 470M,"1,953",413,50,Mobile
GeForce GTX 480,"4,110",447,250,Desktop
GeForce GTX 480M,"2,051",536,100,Mobile
GeForce GTX 485M,"2,360",479,100,Mobile
GeForce GTX 550 Ti,"1,559",363,116,Desktop
GeForce GTX 555,"1,807",485,150,Desktop
GeForce GTX 560,"2,707",416,150,Desktop
GeForce GTX 560 SE,"2,087",413,150,Desktop
GeForce GTX 560 Ti,"3,053",417,170,Desktop
GeForce GTX 560M,"1,266",243,75,Mobile
GeForce GTX 570,"3,908",464,219,Desktop
GeForce GTX 570M,"1,923",356,75,Mobile
GeForce GTX 580,"4,515",450,244,Desktop
GeForce GTX 580M,"2,373",455,100,Mobile
GeForce GTX 590,"3,308",527,365,Desktop
GeForce GTX 645,"1,858",432,64,Desktop
GeForce GTX 650,"1,767",347,64,Desktop
GeForce GTX 650 Ti,"2,528",400,110,Desktop
GeForce GTX 650 Ti BOOST,"3,360",458,134,Desktop
GeForce GTX 660,"4,003",476,140,Desktop
GeForce GTX 660 Ti,"4,375",453,150,Desktop
GeForce GTX 660M,"1,428",274,50,Mobile
GeForce GTX 670,"5,309",523,170,Desktop
GeForce GTX 670M,"1,775",321,75,Mobile
GeForce GTX 670MX,"1,922",338,75,Mobile
GeForce GTX 675M,"1,920",321,100,Mobile
GeForce GTX 675MX,"2,338",377,100,Mobile
GeForce GTX 680,"5,535",528,195,Desktop
GeForce GTX 680M,"3,061",345,100,Mobile
GeForce GTX 680M KY_Bullet Edition,"3,569",581,NA,Unknown
GeForce GTX 680MX,"4,271",730,122,Mobile
GeForce GTX 690,"5,654",458,300,Desktop
GeForce GTX 745,"2,174",468,55,Desktop
GeForce GTX 750,"3,398",480,55,Desktop
GeForce GTX 750 Ti,"3,920",497,60,Desktop
GeForce GTX 760,"4,777",523,170,Desktop
GeForce GTX 760 Ti,"5,206",555,170,Desktop
GeForce GTX 760 Ti OEM,"5,427",694,NA,Unknown
GeForce GTX 760A,"1,060",476,NA,Unknown
GeForce GTX 760M,"1,685",239,55,Mobile
GeForce GTX 765M,"1,971",281,65,Mobile
GeForce GTX 770,"5,890",550,230,Desktop
GeForce GTX 770M,"2,781",324,75,Mobile
GeForce GTX 775M,"4,208",696,NA,Unknown
GeForce GTX 780,"8,026",602,250,Desktop
GeForce GTX 780 Ti,"9,304",626,250,Desktop
GeForce GTX 780M,"3,755",386,122,Mobile
GeForce GTX 850A,"1,050",551,NA,Unknown
GeForce GTX 850M,"2,581",224,40,Mobile
GeForce GTX 850M - MODDED,"1,092",819,NA,Unknown
GeForce GTX 860M,"3,042",226,45,Mobile
GeForce GTX 870M,"3,383",294,110,Mobile
GeForce GTX 880M,"3,876",347,130,Mobile
GeForce GTX 950,"5,389",640,90,Desktop
GeForce GTX 950A,"2,540",308,NA,Unknown
GeForce GTX 950M,"2,604",219,75,Mobile
GeForce GTX 960,"6,044",669,120,Desktop
GeForce GTX 960A,"2,411",631,NA,Unknown
GeForce GTX 960M,"3,427",245,65,Mobile
GeForce GTX 965M,"3,870",342,60,Mobile
GeForce GTX 970,"9,691",780,145,Desktop
GeForce GTX 970M,"5,783",402,75,Mobile
GeForce GTX 970XM FORCE,"6,707",725,NA,Unknown
GeForce GTX 980,"11,239",815,165,Desktop
GeForce GTX 980 Ti,"13,862",853,250,Desktop
GeForce GTX 980M,"7,314",515,100,Mobile
GeForce GTX Titan,"8,556",660,250,Desktop
GeForce GTX TITAN Black,"9,096",603,250,Desktop
GeForce GTX TITAN X,"13,084",833,250,Desktop
GeForce GTX TITAN Z,"9,189",648,375,Desktop
GeForce MX110,"1,469",195,NA,Unknown
GeForce MX130,"1,899",195,NA,Unknown
GeForce MX150,"2,314",218,25,Mobile
GeForce MX230,"1,887",219,NA,Unknown
GeForce MX250,"2,521",250,NA,Unknown
GeForce MX330,"2,545",233,NA,Unknown
GeForce MX350,"2,862",243,NA,Unknown
GeForce MX450,"3,754",297,NA,Unknown
GeForce MX550,"5,062",335,NA,Unknown
GeForce PCX 5300,6,197,NA,Desktop
GeForce PCX 5750,35,310,NA,Desktop
GeForce PCX 5900,34,258,NA,Desktop
GeForce RTX 2050,"8,007",380,NA,Unknown
GeForce RTX 2060,"13,941",751,160,Desktop
GeForce RTX 2060 (Mobile),"11,355",540,80,Mobile
GeForce RTX 2060 SUPER,"16,504",881,175,Desktop
GeForce RTX 2060 with Max-Q Design,"9,730",434,65,Mobile
GeForce RTX 2070,"16,085",833,175,Desktop
GeForce RTX 2070 (Mobile),"12,354",601,115,Mobile
GeForce RTX 2070 SUPER,"18,169",896,215,Desktop
GeForce RTX 2070 Super with Max-Q Design,"14,267",687,80,Mobile
GeForce RTX 2070 with Max-Q Design,"12,112",509,80,Mobile
GeForce RTX 2080,"18,717",916,250,Desktop
GeForce RTX 2080 (Mobile),"15,107",812,150,Mobile
GeForce RTX 2080 SUPER,"19,514",934,250,Desktop
GeForce RTX 2080 Super with Max-Q Design,"14,012",621,80,Mobile
GeForce RTX 2080 Ti,"21,782",940,250,Desktop
GeForce RTX 2080 with Max-Q Design,"13,662",574,90,Mobile
GeForce RTX 3050,"12,686",903,NA,Unknown
GeForce RTX 3050 Laptop GPU,"8,999",411,80,Mobile
GeForce RTX 3050 Ti Laptop GPU,"9,457",416,80,Mobile
GeForce RTX 3060,"16,921",946,170,Desktop
GeForce RTX 3060 Laptop GPU,"12,625",550,115,Mobile
GeForce RTX 3060 Ti,"20,199",959,200,Desktop
GeForce RTX 3070,"22,081",969,220,Desktop
GeForce RTX 3070 Laptop GPU,"15,223",652,115,Mobile
GeForce RTX 3070 Ti,"23,261",994,290,Desktop
GeForce RTX 3070 Ti Laptop GPU,"18,734",692,NA,Unknown
GeForce RTX 3080,"24,797","1,002",320,Desktop
GeForce RTX 3080 Laptop GPU,"16,553",663,115,Mobile
GeForce RTX 3080 Ti,"26,764","1,024",350,Desktop
GeForce RTX 3080 Ti Laptop GPU,"19,093",744,NA,Unknown
GeForce RTX 3090,"26,353",997,350,Desktop
GeForce RTX 3090 Ti,"30,812","1,141",NA,Unknown
GeForce2 Go,4,95,NA,Mobile
GeForce2 GTS/GeForce2 Pro,4,136,NA,Unknown
GeForce2 Integrated GPU,4,171,NA,Unknown
GeForce2 MX,3,143,NA,Desktop
GeForce2 MX 100/200,3,119,NA,Unknown
GeForce2 MX with DVI-D and TV-out,5,187,NA,Unknown
GeForce2 MX/MX 400,4,129,NA,Unknown
GeForce2 Ti,5,149,NA,Desktop
GeForce2 Ultra,6,147,NA,Desktop
GeForce3,5,120,NA,Desktop
GeForce3 Ti 200,4,140,NA,Unknown
GeForce3 Ti 500,3,116,NA,Unknown
GeForce4 420 Go,3,147,NA,Mobile
GeForce4 420 Go 32M,5,168,NA,Unknown
GeForce4 4200 Go,4,173,NA,Mobile
GeForce4 440,5,193,NA,Unknown
GeForce4 440 Go,4,140,NA,Mobile
GeForce4 440 Go 64M,6,156,NA,Unknown
GeForce4 448 Go,6,199,NA,Unknown
GeForce4 MX 4000,5,131,NA,Unknown
GeForce4 MX 420,5,168,NA,Desktop
GeForce4 MX 440,5,140,NA,Desktop
GeForce4 MX 440 with AGP8X,5,157,NA,Desktop
GeForce4 MX 440SE,5,159,NA,Unknown
GeForce4 MX 460,4,176,NA,Desktop
GeForce4 MX Integrated GPU,7,198,NA,Unknown
GeForce4 Ti 4200,6,154,NA,Unknown
GeForce4 Ti 4400,7,170,NA,Unknown
GeForce4 Ti 4600,6,173,NA,Desktop
GeForce4 Ti 4800,6,190,NA,Unknown
GeForce4 Ti 4800 SE,7,187,NA,Unknown
GeForce9400M,106,161,NA,Unknown
GF117,554,446,NA,Unknown
GIGABYTE RADEON 9600 PRO,39,129,NA,Unknown
Gigabyte RADEON X300,41,209,NA,Unknown
GRID GTX P40-6,"4,340",277,NA,Unknown
GRID K1,811,463,NA,Workstation
GRID K120Q,293,278,NA,Workstation
GRID K140Q,728,457,NA,Workstation
GRID K160Q,628,262,NA,Workstation
GRID K180Q,534,113,NA,Workstation
GRID K2,"2,737",319,NA,Workstation
GRID K220Q,912,539,NA,Workstation
GRID K240Q,"2,541",212,NA,Workstation
GRID K260Q,"2,949",361,NA,Workstation
GRID K280Q,"2,840",371,NA,Workstation
GRID K520,"3,399",174,NA,Workstation
GRID M10-0Q,914,613,NA,Unknown
GRID M10-1B,"2,310",417,NA,Unknown
GRID M10-1Q,"3,351",556,NA,Unknown
GRID M10-2B,"2,333",201,NA,Unknown
GRID M10-2Q,"2,654",75,NA,Unknown
GRID M10-4Q,"3,224",486,NA,Unknown
GRID M10-8Q,"2,606",557,NA,Unknown
GRID M6-0B,912,764,NA,Workstation
GRID M6-1Q,"2,069",423,NA,Unknown
GRID M6-8Q,"3,568",556,NA,Unknown
GRID M60-0B,"1,838",596,NA,Unknown
GRID M60-0Q,827,516,NA,Unknown
GRID M60-1B,"4,457",483,NA,Workstation
GRID M60-1Q,"4,251",211,NA,Unknown
GRID M60-2Q,"4,316",339,NA,Unknown
GRID M60-4Q,"3,831",278,NA,Workstation
GRID M60-8A,"5,523",380,NA,Unknown
GRID M60-8Q,"3,884",618,NA,Unknown
GRID P100-16Q,"5,945",757,NA,Unknown
GRID P100-1B,"2,223",544,NA,Unknown
GRID P100-8Q,"3,841",481,NA,Unknown
GRID P40-24Q,"4,728",653,NA,Unknown
GRID P40-2B,"3,354",633,NA,Unknown
GRID P40-2Q,"4,288",633,NA,Unknown
GRID P40-3Q,681,603,NA,Unknown
GRID P40-4Q,778,621,NA,Unknown
GRID P6-2Q,"3,926",337,NA,Unknown
GRID P6-4A,"2,639",42,NA,Unknown
GRID P6-4Q,"4,429",586,NA,Unknown
GRID RTX6000P-4Q,"4,283",76,NA,Unknown
GRID RTX6000P-6Q,"4,777",192,NA,Unknown
GRID RTX8000-2Q,"3,574",86,NA,Unknown
GRID RTX8000-4Q,"3,961",81,NA,Unknown
GRID RTX8000P-2Q,"3,843",84,NA,Unknown
GRID T4-1Q,"2,703",84,NA,Unknown
GRID T4-2B,"2,601",62,NA,Unknown
GRID T4-2Q,"3,031",79,NA,Unknown
GRID T4-4Q,"3,406",85,NA,Unknown
GRID T4-8Q,"4,284",89,NA,Unknown
GRID V100-8Q,16,149,NA,Unknown
GRID V100D-8Q,"4,156",518,NA,Unknown
GT 430,223,325,NA,Unknown
HD6450,221,417,NA,Unknown
HIS DIGITAL HD 4650 AGP,452,190,NA,Unknown
IGP 340M,1,39,NA,Unknown
IncrediblE HD,389,427,NA,Unknown
IncrediblE HD 3000,291,18,NA,Unknown
IncrediblE HD 4000,517,520,NA,Unknown
IncrediblE HD 4600,750,735,NA,Unknown
Intel - Express Chipset G41,57,325,NA,Unknown
Intel - Express Chipset Q45/Q43,58,336,NA,Unknown
Intel 2nd Generation SandyBridge HD,212,342,NA,Unknown
Intel 2nd Generation SandyBridge HD 3000,205,555,NA,Unknown
Intel 4th Generation Haswell HD,420,734,NA,Unknown
Intel 82845G Controller,2,132,NA,Unknown
Intel 82845G/GL Controller,3,176,NA,Unknown
Intel 82845G/GL/GE/PE/GV Controller,3,159,NA,Unknown
Intel 82852/82855 GM/GME Controller,1,107,NA,Unknown
Intel 82865G Controller,5,194,NA,Unknown
Intel 82915G Express,6,206,NA,Unknown
Intel 82915G/915GV/910GL,4,95,NA,Unknown
Intel 82915G/GV/910GL Advanced v3.5,3,94,NA,Unknown
Intel 82915G/GV/910GL Express,3,142,NA,Unknown
Intel 82945G Express,15,13,NA,Unknown
Intel 82945G Express-Chipsatzfamilie,8,240,NA,Unknown
Intel 865 Embedded Controller,4,20,NA,Unknown
"Intel 915G,910G Express",4,166,NA,Unknown
Intel 915G/915GV/910GL Embedded Controller Functio,5,41,NA,Unknown
Intel 945G Embedded Chipset Function 0,5,251,NA,Unknown
Intel 946GZ Embedded Chipset Function 0,3,66,NA,Unknown
Intel 946GZ Express,3,44,NA,Unknown
Intel B43 Express Chipset,68,188,NA,Unknown
Intel Coffee Lake UHD,"1,158",918,NA,Unknown
Intel Extreme Controller,2,136,NA,Unknown
Intel G33/G31 Express,87,25,NA,Desktop
Intel G35 Express,"3,090",384,NA,Unknown
Intel G41 Express Chipset,81,24,NA,Unknown
Intel G41 Express-Chipsatz,57,267,NA,Unknown
Intel G45/G43 Express Chipset,75,30,24,Desktop
Intel G45/G43/G41 Express Chipset,68,318,NA,Unknown
Intel G965 Express,25,39,NA,Unknown
Intel GMA 3150 Express,3,66,NA,Unknown
Intel Haswell HD - GT1,123,492,NA,Unknown
Intel Haswell HD - GT2,139,630,NA,Unknown
Intel HD 2000,213,456,NA,Unknown
Intel HD 3000,257,48,NA,Unknown
Intel HD 4000,333,187,NA,Unknown
Intel HD 4400,521,283,NA,Unknown
Intel HD 4600,626,315,45,Desktop
Intel HD 500,295,81,NA,Unknown
Intel HD 5000,563,231,NA,Unknown
Intel HD 505,339,95,NA,Unknown
Intel HD 510,619,159,NA,Unknown
Intel HD 515,620,190,NA,Unknown
Intel HD 520,866,211,NA,Unknown
Intel HD 5200,830,653,NA,Unknown
Intel HD 530,984,247,NA,Unknown
Intel HD 5300,390,186,NA,Unknown
Intel HD 5500,582,234,NA,Unknown
Intel HD 5600,712,595,NA,Unknown
Intel HD 6000,850,275,NA,Unknown
Intel HD 610,673,156,NA,Unknown
Intel HD 615,724,187,NA,Unknown
Intel HD 630,"1,122",269,NA,Unknown
Intel HD Family,451,188,NA,Unknown
Intel HD Graphics 620,922,218,NA,Unknown
Intel HD manual-15.28-1861,63,72,NA,Unknown
Intel HD manual-gen9_2015-133271,165,119,NA,Unknown
Intel HD Modded,112,303,NA,Unknown
Intel HD P3000,297,104,NA,Unknown
Intel HD P4000,516,636,NA,Unknown
Intel HD P4600,605,963,NA,Unknown
Intel HD P4600/P4700,624,368,NA,Unknown
Intel HD P530,"1,220",270,NA,Unknown
Intel HD P630,"1,237",351,NA,Unknown
Intel i gfx-driver-ci-master-9938,206,47,NA,Unknown
Intel i gfx-driver-ci-master-9938 DCH-I,573,194,NA,Unknown
Intel Infoshock HD,194,393,NA,Unknown
Intel Iris 5100,755,276,NA,Unknown
Intel Iris 540,"1,258",328,NA,Unknown
Intel Iris 550,"1,344",308,NA,Unknown
Intel Iris 6100,907,314,NA,Unknown
Intel Iris 650,"1,795",764,NA,Unknown
Intel Iris Plus,"1,849",316,NA,Unknown
Intel Iris Plus 640,"1,330",343,NA,Mobile
Intel Iris Plus 645,"1,742",405,NA,Unknown
Intel Iris Plus 650,"1,587",382,NA,Mobile
Intel Iris Plus 655,"1,771",368,NA,Unknown
Intel Iris Pro 5200,"1,020",407,NA,Unknown
Intel Iris Pro 580,"1,993",371,NA,Unknown
Intel Iris Pro 6100,925,548,NA,Unknown
Intel Iris Pro Graphics 6200,"1,429",563,NA,Unknown
Intel Iris Pro P580,"2,169",573,NA,Unknown
Intel Iris Pro P6300,"1,654",552,NA,Unknown
Intel Iris Xe,"2,788",339,NA,Unknown
Intel Iris Xe MAX,"1,973",315,NA,Unknown
Intel Media Accelerator,33,78,NA,Unknown
Intel Media Accelerator 3150,3,86,NA,Unknown
Intel Media Accelerator 500,3,71,NA,Unknown
Intel Media Accelerator 600,7,58,NA,Unknown
Intel Media Accelerator HD,99,40,NA,Unknown
Intel Poison Ivy,739,783,NA,Unknown
Intel Q33 Express,5,25,NA,Unknown
Intel Q35 Embedded,8,303,NA,Unknown
Intel Q35 Express,146,29,NA,Unknown
Intel Q45/Q43 Express Chipset,142,29,NA,Unknown
Intel Q45/Q43 Express-Chipsatz,57,352,NA,Unknown
Intel Q965/Q963 Express,313,60,NA,Unknown
Intel Skylake HD DT GT2,577,402,NA,Unknown
Intel UHD,"1,590",268,NA,Unknown
Intel UHD 600,328,98,NA,Unknown
Intel UHD 605,371,112,NA,Unknown
Intel UHD 610,729,180,NA,Unknown
Intel UHD 615,761,198,NA,Unknown
Intel UHD 617,848,270,NA,Unknown
Intel UHD 620,889,662,NA,Unknown
Intel UHD 630,"1,297",305,NA,Unknown
Intel UHD 710,"1,171",324,NA,Unknown
Intel UHD 730,"1,512",326,NA,Unknown
Intel UHD 750,"1,777",335,NA,Unknown
Intel UHD 770,"2,482",437,NA,Unknown
Intel UHD Graphics 620,"1,037",247,NA,Desktop
Intel UHD P630,"2,541",326,NA,Unknown
Intel UHD P750,"1,767",507,NA,Unknown
Intel UHD ReleaseInternal,"1,959",293,NA,Unknown
Intel US15 Embedded Media and Controller,7,67,NA,Unknown
ION,86,20,NA,Unknown
ION LE,98,96,NA,Unknown
KV SPECTRE LITE MOBILE 25W,538,291,NA,Unknown
LMIMIRR,875,515,NA,Unknown
M71-M,64,141,NA,Unknown
M76M,124,279,NA,Unknown
M860G with Mobility Radeon 4100,76,203,NA,Unknown
M880G with Mobility Radeon HD 4200,93,260,NA,Unknown
M880G with Mobility Radeon HD 4225,72,183,NA,Unknown
M880G with Mobility Radeon HD 4250,104,270,NA,Unknown
Master X3100 Driver,10,79,NA,Unknown
Matrox C420 LP PCIe x16,635,523,NA,Unknown
Matrox C680 PCIe x16,"1,904",700,NA,Unknown
Matrox C900 PCIe x16,"1,812",761,NA,Unknown
Matrox G200e WDDM 1.2,59,505,NA,Unknown
Matrox G200e WDDM 2.0,123,801,NA,Unknown
Matrox G200eh,41,449,NA,Unknown
Matrox G200eh WDDM 1.2,52,448,NA,Unknown
Matrox G200eh WDDM 2.0,45,123,NA,Unknown
Matrox G200eR,37,400,NA,Unknown
Matrox G200eR WDDM 1.2,45,210,NA,Unknown
Matrox G200eR WDDM 2.0,68,457,NA,Unknown
Matrox G200eW,40,107,NA,Unknown
Matrox G200eW WDDM 1.2,50,397,NA,Unknown
Matrox G200eW3 WDDM 2.0,94,316,NA,Unknown
Matrox M9120 PCIe x16,20,870,NA,Unknown
Matrox M9120 Plus LP PCIe x16,26,27,NA,Unknown
Matrox M9125 PCIe x16,26,138,NA,Unknown
Matrox M9128 LP PCIe x16,29,47,NA,Unknown
Matrox M9138 LP PCIe x16,42,160,NA,Unknown
Matrox M9140 LP PCIe x16,23,390,NA,Unknown
Matrox M9148 LP PCIe x16,32,135,NA,Unknown
Matrox Millennium P650 PCIe 128,5,287,NA,Unknown
Matrox Millennium P690 PCIe x16,367,295,NA,Unknown
Matrox Millennium P690 Plus LP PCIe x16,7,251,NA,Unknown
Matrox Parhelia 128MB,3,107,NA,Unknown
Matrox Parhelia 256MB,9,140,NA,Unknown
Matrox Parhelia APVe,6,275,NA,Unknown
MCT USB3.0 External Device,520,129,NA,Unknown
MEDION RADEON 9800 XXL,72,187,NA,Unknown
MEDION RADEON X740XL,95,228,NA,Unknown
Miracast display port driver V3,"15,910",604,NA,Unknown
MIRRORV3,"1,081",421,NA,Unknown
Mobile Intel - famiglia Express Chipset 45,39,264,NA,Unknown
Mobile Intel 4 Express-Chipsatzfamilie,45,251,NA,Unknown
Mobile Intel 45 Express,42,33,NA,Unknown
Mobile Intel 45 Express-Chipsatzfamilie,117,270,NA,Unknown
Mobile Intel 915GM/GMS/910GML Express,2,43,NA,Unknown
Mobile Intel 945 Express,2,9,NA,Unknown
Mobile Intel 945GM Express,6,223,NA,Unknown
Mobile Intel 945GM/GU Express,5,223,NA,Unknown
Mobile Intel 965 Express,58,17,NA,Unknown
Mobile Intel 965 Express - BR-0907-0461 v1839,8,124,NA,Unknown
Mobile Intel 965 Express-Chipsatzfamilie,24,203,NA,Unknown
Mobile Intel HD,285,164,NA,Unknown
Mobile Intel serie 4 Express,45,232,NA,Unknown
Mobile Intel965 Express,18,264,NA,Unknown
MOBILITY FIREGL 7800,5,86,NA,Workstation
MOBILITY FIREGL T2,41,171,NA,Workstation
MOBILITY FIREGL T2/T2e,34,171,NA,Workstation
MOBILITY FireGL V3200,62,238,NA,Workstation
MOBILITY FireGL V5000,82,223,NA,Workstation
MOBILITY FireGL V5200,45,248,NA,Workstation
MOBILITY FireGL V5250,27,252,NA,Workstation
Mobility FireGL V5725,219,405,NA,Workstation
MOBILITY IGP 9000/9100,10,125,NA,Unknown
Mobility Radeon 4100,81,265,NA,Unknown
MOBILITY RADEON 7000 IGP,6,151,NA,Unknown
MOBILITY RADEON 7500,4,103,NA,Mobile
MOBILITY RADEON 9000,3,111,NA,Mobile
MOBILITY RADEON 9000 IGP,8,143,NA,Unknown
MOBILITY RADEON 9000/9100 IGP,6,118,NA,Unknown
MOBILITY RADEON 9100 IGP,3,128,NA,Unknown
MOBILITY RADEON 9200,3,145,NA,Mobile
MOBILITY RADEON 9550,30,166,NA,Mobile
MOBILITY RADEON 9600,36,172,NA,Mobile
MOBILITY RADEON 9600 PRO TURBO,25,137,NA,Unknown
MOBILITY RADEON 9600/9700,39,165,NA,Mobile
MOBILITY RADEON 9700,27,158,NA,Mobile
MOBILITY RADEON 9800,46,110,NA,Mobile
Mobility Radeon HD 2300,51,211,NA,Mobile
Mobility Radeon HD 2400,90,212,NA,Mobile
Mobility Radeon HD 2400 XT,102,246,NA,Mobile
Mobility Radeon HD 2600,168,267,NA,Mobile
Mobility Radeon HD 2600 XT,192,329,NA,Mobile
Mobility Radeon HD 3400 Serisi,111,239,NA,Unknown
Mobility Radeon HD 3410,63,130,NA,Mobile
Mobility Radeon HD 3430,98,260,NA,Mobile
Mobility Radeon HD 3450,91,247,NA,Mobile
Mobility Radeon HD 3470,93,250,NA,Mobile
Mobility Radeon HD 3470 Hybrid X2,94,206,NA,Unknown
Mobility Radeon HD 3650,130,48,NA,Mobile
Mobility Radeon HD 3670,232,331,NA,Mobile
Mobility Radeon HD 3850,366,248,NA,Mobile
Mobility Radeon HD 3870,548,288,NA,Mobile
Mobility Radeon HD 3870 X2,478,187,NA,Mobile
Mobility Radeon HD 4200,91,260,NA,Mobile
Mobility Radeon HD 4225,66,174,NA,Mobile
Mobility Radeon HD 4250,98,280,NA,Mobile
Mobility Radeon HD 4270,93,282,NA,Mobile
Mobility Radeon HD 4300 Serisi,73,216,NA,Unknown
Mobility Radeon HD 4330,135,377,NA,Mobile
Mobility Radeon HD 4350,148,369,NA,Unknown
Mobility Radeon HD 4550,191,290,NA,Mobile
Mobility Radeon HD 4570,133,28,NA,Mobile
Mobility Radeon HD 4650,401,320,NA,Mobile
Mobility Radeon HD 4670,463,375,NA,Mobile
Mobility Radeon HD 4830,512,285,NA,Mobile
Mobility Radeon HD 4850,866,472,NA,Mobile
Mobility Radeon HD 4870,720,416,NA,Mobile
Mobility Radeon HD 5000,773,429,NA,Unknown
Mobility Radeon HD 5000 Serisi,479,305,NA,Unknown
Mobility Radeon HD 5165,284,362,35,Mobile
Mobility Radeon HD 530v,175,353,NA,Mobile
Mobility Radeon HD 540v,188,382,NA,Unknown
Mobility Radeon HD 5430,181,330,7,Mobile
Mobility Radeon HD 5450,214,320,11,Mobile
Mobility Radeon HD 545v,200,270,NA,Mobile
Mobility Radeon HD 5470,236,362,13,Mobile
Mobility Radeon HD 550v,266,398,NA,Mobile
Mobility Radeon HD 5570,544,246,NA,Unknown
Mobility Radeon HD 560v,318,366,NA,Mobile
Mobility Radeon HD 5650,451,143,15,Mobile
Mobility Radeon HD 565v,353,318,NA,Mobile
Mobility Radeon HD 5730,487,144,26,Mobile
Mobility Radeon HD 5850,763,403,31,Mobile
Mobility Radeon HD 5870,"1,062",207,50,Mobile
Mobility Radeon HD serie 4200,97,227,NA,Unknown
Mobility Radeon X1300,40,222,NA,Mobile
Mobility Radeon X1350,40,274,NA,Mobile
Mobility Radeon X1400,43,226,NA,Mobile
Mobility Radeon X1450,33,205,NA,Mobile
Mobility Radeon X1600,92,236,NA,Mobile
Mobility Radeon X1700,105,228,NA,Mobile
MOBILITY RADEON X1800,130,247,NA,Mobile
Mobility Radeon X1900,135,287,NA,Mobile
Mobility Radeon X2300,48,263,NA,Mobile
Mobility Radeon X2300 HD,49,244,NA,Unknown
Mobility Radeon X2500,82,235,NA,Mobile
MOBILITY RADEON X300,34,204,NA,Mobile
MOBILITY RADEON X600,50,209,NA,Mobile
MOBILITY RADEON X600 SE,49,233,NA,Unknown
MOBILITY RADEON X700,67,200,NA,Mobile
MOBILITY RADEON X700 XL,60,189,NA,Unknown
MOBILITY RADEON XPRESS 200,27,176,NA,Unknown
Mobility Radeon. HD 5470,215,398,13,Mobile
MOBILITY/RADEON 9000,4,153,NA,Unknown
MONSTER GeForce GTX 675M,"2,637",686,NA,Unknown
MxGPU,"1,826",479,NA,Unknown
N16P-GX,"1,205",803,NA,Unknown
N18E-Q1,"2,525",547,NA,Unknown
nForce 750a SLI,83,351,NA,Unknown
nForce 760i SLI,140,379,NA,Unknown
nForce 780a SLI,92,425,NA,Unknown
nForce 980a/780a SLI,82,367,NA,Unknown
NV44,15,251,NA,Unknown
NVIDIA TITAN X,"13,660",912,250,Desktop
NVIDIA TITAN Xp,"18,280",812,250,Desktop
NVS 2100M,139,221,14,Workstation
NVS 300,114,60,17.5,Workstation
NVS 310,242,179,19.5,Workstation
NVS 3100M,115,42,14,Workstation
NVS 315,286,187,19.5,Workstation
NVS 4200M,257,75,NA,Workstation
NVS 510,729,276,35,Workstation
NVS 5100M,194,90,35,Workstation
NVS 5200M,535,193,35,Workstation
NVS 5400M,635,184,35,Workstation
NVS 810,"1,141",313,NA,Unknown
OPAL XT/GL,"1,053",640,NA,Unknown
OpenXT Display Driver,31,485,NA,Unknown
P104-100,"4,450",114,NA,Unknown
P106-090,"2,402",104,NA,Unknown
P106-100,"5,967",339,NA,Unknown
PHDGD Ivy 4,374,434,NA,Unknown
PHDGD Ivy 5,445,497,NA,Unknown
PHDGD Quantic C3,117,351,NA,Unknown
PHDGD Sapphire GR for Mobile Intel 965,26,243,NA,Unknown
PHDGD Solo 1.2.0 x86,11,169,NA,Unknown
PHDGD Solo 2 x64,20,183,NA,Unknown
Professional HD Driver,654,555,NA,Unknown
Q12U-1,"5,164",600,NA,Unknown
Quadro 1000M,599,201,45,Workstation
Quadro 1100M,755,734,NA,Unknown
Quadro 2000,942,294,62,Workstation
Quadro 2000 D,"1,239",594,NA,Unknown
Quadro 2000D,989,324,NA,Unknown
Quadro 2000M,773,249,55,Workstation
Quadro 2100M,"1,100",765,NA,Unknown
Quadro 280 NVS PCIe,6,185,NA,Unknown
Quadro 3000M,"1,032",321,75,Workstation
Quadro 400,146,67,32,Workstation
Quadro 4000,"1,489",367,142,Workstation
Quadro 4000M,"1,307",256,100,Workstation
Quadro 410,436,218,38,Workstation
Quadro 5000,"1,984",377,152,Workstation
Quadro 5000M,"2,060",426,100,Workstation
Quadro 500M,664,588,35,Workstation
Quadro 5010M,"1,891",366,100,Workstation
Quadro 600,546,225,40,Workstation
Quadro 6000,"2,689",458,204,Workstation
Quadro 7000,"3,505",397,204,Workstation
Quadro CX,947,454,NA,Unknown
Quadro FX 1000,34,266,NA,Workstation
Quadro FX 1100,36,178,NA,Workstation
Quadro FX 1300,34,276,55,Workstation
Quadro FX 1400,124,152,70,Workstation
Quadro FX 1500,190,105,65,Workstation
Quadro FX 1500M,171,275,45,Workstation
Quadro FX 1600M,186,211,50,Workstation
Quadro FX 1700,118,44,42,Workstation
Quadro FX 1700M,173,135,50,Workstation
Quadro FX 1800,405,90,59,Workstation
Quadro FX 1800M,469,73,45,Workstation
Quadro FX 2000,18,146,NA,Workstation
Quadro FX 2500M,218,272,45,Workstation
Quadro FX 2700,543,465,NA,Unknown
Quadro FX 2700M,358,74,65,Workstation
Quadro FX 2800M,430,83,75,Workstation
Quadro FX 3000,69,178,NA,Workstation
Quadro FX 3400/4400,104,239,101,Workstation
Quadro FX 3450,149,235,83,Workstation
Quadro FX 3450/4000 SDI,175,190,NA,Workstation
Quadro FX 350,86,378,21,Workstation
Quadro FX 3500,292,106,80,Workstation
Quadro FX 3500M,306,309,45,Workstation
Quadro FX 350M,45,132,15,Workstation
Quadro FX 3600M,467,365,70,Workstation
Quadro FX 360M,87,308,17,Workstation
Quadro FX 370,84,385,35,Workstation
Quadro FX 370 Low Profile,103,492,NA,Unknown
Quadro FX 370 LP,108,481,25,Workstation
Quadro FX 3700,384,158,78,Workstation
Quadro FX 3700M,467,117,75,Workstation
Quadro FX 370M,93,334,20,Workstation
Quadro FX 380,186,151,34,Workstation
Quadro FX 380 LP,136,128,28,Workstation
Quadro FX 3800,780,100,108,Workstation
Quadro FX 3800M,628,68,100,Workstation
Quadro FX 380M,124,124,25,Workstation
Quadro FX 4000,101,78,142,Workstation
Quadro FX 4500,226,143,109,Workstation
Quadro FX 4500 X2,236,653,NA,Unknown
Quadro FX 4600,437,202,134,Workstation
Quadro FX 4700 X2,676,509,NA,Unknown
Quadro FX 4800,975,109,150,Workstation
Quadro FX 500/600 PCI,14,203,NA,Unknown
Quadro FX 500/FX 600,8,151,NA,Unknown
Quadro FX 540,81,294,35,Workstation
Quadro FX 550,64,325,25,Workstation
Quadro FX 5500,242,394,96,Workstation
Quadro FX 560,114,360,30,Workstation
Quadro FX 5600,562,168,NA,Unknown
Quadro FX 570,156,140,38,Workstation
Quadro FX 570M,111,49,45,Workstation
Quadro FX 580,155,59,40,Workstation
Quadro FX 5800,"1,248",134,189,Workstation
Quadro FX 770M,198,92,35,Workstation
Quadro FX 880M,219,80,35,Workstation
Quadro FX Go1400,102,223,NA,Unknown
Quadro GP100,"16,203",858,235,Workstation
Quadro GV100,"12,721",802,250,Workstation
Quadro K1000M,774,244,45,Workstation
Quadro K1100M,"1,082",250,45,Workstation
Quadro K1200,"2,871",576,45,Workstation
Quadro K2000,"1,564",370,51,Workstation
Quadro K2000D,"1,632",423,51,Workstation
Quadro K2000M,"1,028",256,55,Workstation
Quadro K2100M,"1,350",278,55,Workstation
Quadro K2200,"3,540",534,68,Workstation
Quadro K2200M,"3,877",432,NA,Unknown
Quadro K3000M,"1,617",357,75,Workstation
Quadro K3100M,"2,279",330,75,Workstation
Quadro K4000,"2,700",421,80,Workstation
Quadro K4000M,"1,949",351,100,Workstation
Quadro K4100M,"2,756",352,100,Workstation
Quadro K420,774,280,41,Workstation
Quadro K4200,"4,337",503,105,Workstation
Quadro K5000,"3,910",434,122,Workstation
Quadro K5000M,"2,754",363,100,Workstation
Quadro K500M,480,184,NA,Unknown
Quadro K5100M,"3,266",418,100,Workstation
Quadro K510M,610,550,30,Workstation
Quadro K5200,"5,780",501,150,Workstation
Quadro K600,768,262,41,Workstation
Quadro K6000,"8,134",558,225,Workstation
Quadro K610M,708,239,30,Workstation
Quadro K620,"2,247",472,45,Workstation
Quadro K620M,"1,157",157,NA,Unknown
Quadro M1000M,"2,996",335,40,"Mobile, Workstation"
Quadro M1200,"3,347",313,45,"Mobile, Workstation"
Quadro M2000,"3,961",567,75,Workstation
Quadro M2000M,"3,549",344,55,"Mobile, Workstation"
Quadro M2200,"4,347",387,55,"Mobile, Workstation"
Quadro M3000M,"5,680",437,75,"Mobile, Workstation"
Quadro M4000,"6,637",687,120,Workstation
Quadro M4000M,"6,530",471,100,"Mobile, Workstation"
Quadro M5000,"9,245",680,150,Workstation
Quadro M5000M,"6,930",487,100,"Mobile, Workstation"
Quadro M500M,"1,121",189,30,"Mobile, Workstation"
Quadro M520,"1,981",234,25,"Mobile, Workstation"
Quadro M5500,"7,915",698,150,"Mobile, Workstation"
Quadro M6000,"11,397",788,250,Workstation
Quadro M6000 24GB,"12,205",782,250,Workstation
Quadro M600M,"2,008",446,30,"Mobile, Workstation"
Quadro M620,"2,840",427,30,"Mobile, Workstation"
Quadro NVS 110M,48,236,10,Workstation
Quadro NVS 120M,47,274,10,Workstation
Quadro NVS 130M,97,190,10,Workstation
Quadro NVS 135M,67,74,10,Workstation
Quadro NVS 140M,49,99,10,Workstation
Quadro NVS 150M,93,327,10,Workstation
Quadro NVS 160M,76,46,12,Workstation
Quadro NVS 210S,24,265,NA,Unknown
Quadro NVS 210S / GeForce 6150LE,21,272,NA,Unknown
Quadro NVS 280 PCI,8,261,NA,Unknown
Quadro NVS 280 SD,2,119,NA,Unknown
Quadro NVS 285,39,185,NA,Unknown
Quadro NVS 285 128MB,38,313,NA,Unknown
Quadro NVS 290,205,59,NA,Unknown
Quadro NVS 295,75,73,23,Workstation
Quadro NVS 320M,128,109,20,Workstation
Quadro NVS 420,70,186,NA,Unknown
Quadro NVS 440,38,358,NA,Unknown
Quadro NVS 450,64,154,NA,Unknown
Quadro NVS 510M,254,317,45,Workstation
Quadro NVS 55/280 PCI,6,116,NA,Unknown
Quadro P1000,"4,473",660,47,Workstation
Quadro P2000,"7,097",693,75,Workstation
Quadro P2000 with Max-Q Design,"4,597",533,NA,Unknown
Quadro P2200,"9,485",971,75,Workstation
Quadro P3000,"6,521",458,75,"Mobile, Workstation"
Quadro P3200,"8,663",510,NA,Unknown
Quadro P3200 with Max-Q Design,"9,242",557,NA,Unknown
Quadro P400,"1,616",427,30,Workstation
Quadro P4000,"11,429",824,105,Workstation
Quadro P4000 with Max-Q Design,"9,083",700,80,Mobile
Quadro P4200,"9,827",607,100,Workstation
Quadro P4200 with Max-Q Design,"11,869",583,NA,Workstation
Quadro P500,"1,519",260,NA,Unknown
Quadro P5000,"11,957",702,180,Workstation
Quadro P520,"2,128",253,NA,Unknown
Quadro P5200,"12,144",667,NA,Mobile
Quadro P5200 with Max-Q Design,"12,323",581,NA,Unknown
Quadro P600,"3,330",481,40,Workstation
Quadro P6000,"15,811",773,250,Workstation
Quadro P620,"3,638",577,40,Workstation
Quadro RTX 3000,"11,142",530,80,"Mobile, Workstation"
Quadro RTX 3000 with Max-Q Design,"8,754",350,60,Mobile
Quadro RTX 4000,"15,514",904,160,Workstation
Quadro RTX 4000 (Mobile),"13,034",591,110,Mobile
Quadro RTX 4000 with Max-Q Design,"13,445",582,80,Mobile
Quadro RTX 5000,"16,257",762,230,Workstation
Quadro RTX 5000 (Mobile),"14,832",705,110,"Mobile, Workstation"
Quadro RTX 5000 with Max-Q Design,"14,030",614,80,"Mobile, Workstation"
Quadro RTX 6000,"19,692",837,295,Workstation
Quadro RTX 8000,"19,126",801,260,Workstation
Quadro T1000,"6,531",447,NA,Mobile
Quadro T1000 with Max-Q Design,"6,572",415,NA,Mobile
Quadro T2000,"7,141",476,NA,Mobile
Quadro T2000 with Max-Q Design,"6,908",458,NA,Mobile
Quadro2 MXR/EX,5,142,NA,Workstation
Quadro2 Pro,1,143,NA,Workstation
Quadro4 380 XGL,7,225,NA,Unknown
Quadro4 900 XGL,5,194,NA,Unknown
Quadro4 980 XGL,5,181,NA,Unknown
Qualcomm Adreno 540 GPU,120,52,NA,Unknown
Qualcomm Adreno 618 GPU,120,61,NA,Unknown
Qualcomm Adreno 630 GPU,261,75,NA,Unknown
Qualcomm Adreno 680 GPU,405,81,NA,Unknown
Qualcomm Adreno 690 GPU,952,81,NA,Unknown
Qualcomm Adreno 8cx Gen 3,"1,670",169,NA,Unknown
QXL KMDOD,19,203,NA,Unknown
Radeon 2100,60,286,NA,Unknown
Radeon 3000,98,414,NA,Unknown
Radeon 3100,74,228,NA,Unknown
Radeon 520,829,214,NA,Unknown
Radeon 530,944,181,NA,Unknown
Radeon 535,"1,048",203,NA,Unknown
Radeon 535DX,813,199,NA,Unknown
Radeon 540,"1,273",272,NA,Unknown
Radeon 540X,"1,398",264,NA,Unknown
Radeon 550,"1,959",501,NA,Unknown
Radeon 550X,"1,430",273,NA,Unknown
Radeon 620,840,202,NA,Unknown
Radeon 625,"1,165",215,NA,Unknown
Radeon 630,"1,245",223,NA,Unknown
Radeon 6600M,513,143,NA,Unknown
Radeon 6750M,911,570,NA,Unknown
Radeon 7000 / Radeon VE,3,99,NA,Unknown
RADEON 7000 / RADEON VE Family,4,107,NA,Unknown
RADEON 7200,3,94,NA,Unknown
RADEON 7500,3,35,NA,Desktop
RADEON 7500 Family,5,125,NA,Unknown
RADEON 8500 Family,7,146,NA,Unknown
RADEON 9000,5,126,NA,Desktop
RADEON 9000 Family,4,123,NA,Unknown
RADEON 9100 Family,6,163,NA,Unknown
RADEON 9100 IGP,5,128,NA,Unknown
RADEON 9200,4,135,NA,Desktop
RADEON 9200 LE Family,3,128,NA,Unknown
RADEON 9200 PRO Family,3,135,NA,Unknown
RADEON 9200 SE,3,129,NA,Desktop
RADEON 9250,3,127,NA,Desktop
RADEON 9500,36,173,NA,Desktop
RADEON 9500 PRO / 9700,42,157,NA,Unknown
RADEON 9550,35,145,NA,Desktop
Radeon 9550 / X1050,29,150,NA,Unknown
RADEON 9600 Family,25,150,NA,Unknown
RADEON 9600 PRO,43,163,NA,Desktop
RADEON 9600 PRO Family,27,148,NA,Unknown
RADEON 9600 TX Family,18,138,NA,Unknown
RADEON 9600 XT,35,147,NA,Desktop
RADEON 9600SE,27,143,NA,Unknown
RADEON 9700 PRO,54,149,NA,Desktop
RADEON 9800,58,191,NA,Desktop
RADEON 9800 PRO,59,153,NA,Desktop
RADEON 9800 SE,24,131,NA,Desktop
RADEON 9800 XT,57,160,NA,Desktop
RADEON A9800XT,23,145,NA,Unknown
RADEON E2400,52,287,NA,Unknown
RADEON E4690,405,347,NA,Unknown
Radeon E6460,324,225,NA,Unknown
Radeon E6465,231,354,NA,Unknown
Radeon E6760,973,573,NA,Unknown
Radeon E8860,"1,626",528,NA,Unknown
Radeon E8870PCIe,"3,368",708,NA,Unknown
Radeon HD 2350,77,262,20,Desktop
Radeon HD 2400,121,298,NA,Unknown
Radeon HD 2400 PCI,14,86,NA,Unknown
Radeon HD 2400 Pro,114,346,20,Desktop
Radeon HD 2400 XT,119,357,25,Desktop
Radeon HD 2600 PRO,211,337,35,Desktop
Radeon HD 2600 Pro AGP,110,137,NA,Unknown
Radeon HD 2600 XT,283,371,45,Desktop
Radeon HD 2900 GT,292,344,150,Desktop
Radeon HD 2900 PRO,628,397,200,Desktop
Radeon HD 2900 XT,660,397,215,Desktop
Radeon HD 3000,96,264,NA,Unknown
Radeon HD 3200,82,227,NA,Unknown
Radeon HD 3300,127,373,NA,Unknown
Radeon HD 3450,119,30,25,Desktop
Radeon HD 3470,90,95,30,Desktop
Radeon HD 3650 AGP,150,155,NA,Unknown
Radeon HD 3670,151,62,NA,Unknown
Radeon HD 3850,410,43,75,Desktop
Radeon HD 3850 AGP,432,92,75,Desktop
Radeon HD 3850 X2,822,422,349,Desktop
Radeon HD 3870,576,82,106,Desktop
Radeon HD 3870 X2,709,224,165,Desktop
Radeon HD 4200,112,372,NA,Desktop
Radeon HD 4250,123,408,NA,Desktop
Radeon HD 4270,110,303,NA,Unknown
Radeon HD 4290,141,442,NA,Desktop
Radeon HD 4300/4500 Serisi,156,347,NA,Unknown
Radeon HD 4330,109,42,NA,Unknown
Radeon HD 4350,102,34,20,Desktop
Radeon HD 4550,236,429,20,Desktop
Radeon HD 4650,219,39,48,Desktop
Radeon HD 4650 AGP,208,156,NA,Unknown
Radeon HD 4670,384,50,59,Desktop
Radeon HD 4770,906,172,80,Desktop
Radeon HD 4810,769,425,95,Desktop
Radeon HD 4830,860,81,95,Desktop
Radeon HD 4850,952,111,110,Desktop
Radeon HD 4850 X2,"1,132",542,250,Desktop
Radeon HD 4870,"1,379",80,150,Desktop
Radeon HD 4870 X2,"1,309",565,286,Desktop
Radeon HD 4890,"1,533",103,190,Desktop
Radeon HD 5450,138,149,19.1,Desktop
Radeon HD 5470,268,298,NA,Unknown
Radeon HD 5550,383,187,39,Desktop
Radeon HD 5570,474,176,39,Desktop
Radeon HD 5600/5700,661,273,NA,Unknown
Radeon HD 5670,787,279,64,Desktop
Radeon HD 5750,"1,156",336,86,Desktop
Radeon HD 5770,"1,352",328,108,Desktop
Radeon HD 5830,"1,739",382,175,Desktop
Radeon HD 5850,"1,967",408,151,Desktop
Radeon HD 5870,"2,266",410,228,Desktop
Radeon HD 5970,"2,249",393,294,Desktop
Radeon HD 6230,179,254,NA,Unknown
Radeon HD 6250,94,32,35,Mobile
Radeon HD 6290,109,34,45,Mobile
Radeon HD 6290M,140,92,NA,Unknown
Radeon HD 6300M,142,116,NA,Unknown
Radeon HD 6310,124,39,45,Mobile
Radeon HD 6320,148,45,45,Mobile
Radeon HD 6320 Graphic,216,159,NA,Unknown
Radeon HD 6320M,198,151,NA,Unknown
RADEON HD 6350,141,171,19.1,Desktop
Radeon HD 6370D,254,147,65,Desktop
Radeon HD 6370M,276,401,11,Mobile
Radeon HD 6380G,204,97,35,Mobile
Radeon HD 6410D,243,123,65,Desktop
Radeon HD 6430M,193,106,NA,Mobile
Radeon HD 6450,200,120,18,Desktop
Radeon HD 6450 + 8470D Dual,763,486,NA,Unknown
Radeon HD 6450A,260,208,NA,Unknown
Radeon HD 6470M,228,104,NA,Mobile
Radeon HD 6480G,259,78,45,Mobile
Radeon HD 6480M,353,282,NA,Unknown
Radeon HD 6490M,378,514,NA,Mobile
Radeon HD 6520G,301,84,45,Mobile
Radeon HD 6530D,325,138,100,Desktop
Radeon HD 6550A,708,609,NA,Unknown
Radeon HD 6550D,417,149,100,Desktop
Radeon HD 6570,495,193,44,Desktop
Radeon HD 6610M,565,527,NA,Unknown
Radeon HD 6620G,358,106,45,Mobile
Radeon HD 6630M,685,390,NA,Mobile
Radeon HD 6650A,836,418,NA,Unknown
Radeon HD 6650M,752,230,NA,Mobile
Radeon HD 6670,745,236,66,Desktop
Radeon HD 6670 + 6670 Dual,647,552,NA,Unknown
Radeon HD 6670 + 7660D Dual,"1,492",483,NA,Unknown
Radeon HD 6670/7670,946,320,NA,Unknown
Radeon HD 6700M,"1,017",523,NA,Unknown
Radeon HD 6750,998,300,86,Desktop
Radeon HD 6750M,937,487,NA,Mobile
Radeon HD 6770,"1,231",314,108,Desktop
Radeon HD 6770M,964,572,NA,Mobile
Radeon HD 6790,"1,613",370,150,Desktop
Radeon HD 6800M,728,230,NA,Unknown
Radeon HD 6850,"1,979",424,127,Desktop
Radeon HD 6850 X2,"2,534",373,NA,Unknown
Radeon HD 6870,"2,224",397,151,Desktop
Radeon HD 6900M,"1,710",345,NA,Unknown
Radeon HD 6950,"2,641",427,200,Desktop
Radeon HD 6970,"2,863",430,250,Desktop
Radeon HD 6970M,"2,270",656,75,Mobile
Radeon HD 6990,"3,013",630,375,Desktop
Radeon HD 7290,115,51,NA,Unknown
Radeon HD 7290M,123,90,NA,Unknown
Radeon HD 7310,130,45,NA,Unknown
Radeon HD 7310 - Carte graphique,174,120,NA,Unknown
Radeon HD 7310G,181,119,NA,Unknown
Radeon HD 7310M,166,127,NA,Unknown
Radeon HD 7340,156,56,NA,Unknown
Radeon HD 7340G,196,146,NA,Unknown
Radeon HD 7340M,221,160,NA,Unknown
Radeon HD 7350,193,248,19.1,Desktop
Radeon HD 7400G,267,109,NA,Unknown
Radeon HD 7420G,311,121,NA,Unknown
Radeon HD 7450,221,147,18,Desktop
Radeon HD 7450A,288,385,NA,Unknown
Radeon HD 7450M,330,441,7,Mobile
Radeon HD 7470,316,177,27,Desktop
Radeon HD 7470M,408,393,7,Mobile
Radeon HD 7480D,288,117,65,Desktop
Radeon HD 7500G,330,114,NA,Unknown
Radeon HD 7500G + 7500M/7600M Dual,617,308,NA,Unknown
Radeon HD 7500G + 7550M Dual,497,263,NA,Unknown
Radeon HD 7500G + HD 7500M/7600M Dual,356,265,NA,Unknown
Radeon HD 7520G,312,111,NA,Unknown
Radeon HD 7520G + 7400M Dual,487,280,NA,Unknown
Radeon HD 7520G + 7470M Dual,543,345,NA,Unknown
Radeon HD 7520G + 7500/7600 Dual,582,379,NA,Unknown
Radeon HD 7520G + 7600M Dual,591,362,NA,Unknown
Radeon HD 7520G + 7610M Dual,588,317,NA,Unknown
Radeon HD 7520G + 7650M Dual,453,345,NA,Unknown
Radeon HD 7520G + 7670M Dual,523,323,NA,Unknown
Radeon HD 7520G + 7700M Dual,"1,061",331,NA,Unknown
Radeon HD 7520G + 8600/8700M Dual,311,329,NA,Unknown
Radeon HD 7520G + 8750M Dual,377,388,NA,Unknown
Radeon HD 7520G + HD 7400M Dual,545,315,NA,Unknown
Radeon HD 7520G + HD 7500/7600 Dual,832,355,NA,Unknown
Radeon HD 7520G + HD 7600M Dual,447,150,NA,Unknown
Radeon HD 7520G + HD 7670M Dual,495,295,NA,Unknown
Radeon HD 7520G + HD 7700M Dual,575,389,NA,Unknown
Radeon HD 7520G + HD 8600/8700M Dual,624,291,NA,Unknown
Radeon HD 7520G + HD 8750M Dual,651,289,NA,Unknown
Radeon HD 7520G N HD 7520G + HD 7500/7600 7500/760,575,386,NA,Unknown
Radeon HD 7520G N HD 7520G + HD 7600M N HD 7600M D,365,263,NA,Unknown
Radeon HD 7540D,336,125,65,Desktop
Radeon HD 7540D + 6570 Dual,720,469,NA,Unknown
Radeon HD 7540D + 7500 Dual,822,471,NA,Unknown
Radeon HD 7540D + HD 6450 Dual,643,444,NA,Unknown
Radeon HD 7550M,465,403,13,Mobile
Radeon HD 7550M/7650M,729,524,13,Mobile
Radeon HD 7560D,468,167,100,Desktop
Radeon HD 7560D + 6450 Dual,569,490,NA,Unknown
Radeon HD 7560D + 6570 Dual,833,476,NA,Unknown
Radeon HD 7560D + 6670 Dual,"1,131",501,NA,Unknown
Radeon HD 7560D + 7560D Dual,983,420,NA,Unknown
Radeon HD 7560D + 7570 Dual,985,434,NA,Unknown
Radeon HD 7560D + 7670 Dual,"1,426",445,NA,Unknown
Radeon HD 7560D + 7700 Dual,"1,919",518,NA,Unknown
Radeon HD 7560D + HD 6570 Dual,"1,237",528,NA,Unknown
Radeon HD 7560D + HD 6670 Dual,"1,555",652,NA,Unknown
Radeon HD 7560D + HD 7000 Dual,534,423,NA,Unknown
Radeon HD 7560D + HD 7600 Dual,"1,258",457,NA,Unknown
Radeon HD 7560D + HD 7670 Dual,"1,380",463,NA,Unknown
Radeon HD 7560D + HD 7700 Dual,"1,347",497,NA,Unknown
Radeon HD 7560D + HD 8570 Dual,936,425,NA,Unknown
Radeon HD 7560D + R5 235 Dual,563,397,NA,Unknown
Radeon HD 7570,615,268,44,Desktop
Radeon HD 7570M,448,201,13,Mobile
Radeon HD 7570M/HD 7670M,699,555,25,Mobile
Radeon HD 7580D,351,430,NA,Unknown
Radeon HD 7600G,320,99,NA,Unknown
Radeon HD 7600G + 6400M Dual,377,257,NA,Unknown
Radeon HD 7600G + 7450M Dual,390,221,NA,Unknown
Radeon HD 7600G + 7500M/7600M Dual,406,210,NA,Unknown
Radeon HD 7600G + 7550M Dual,423,247,NA,Unknown
Radeon HD 7600G + 8500M/8700M Dual,470,257,NA,Unknown
Radeon HD 7600G + HD 7400M Dual,329,147,NA,Unknown
Radeon HD 7600G + HD 7500M/7600M Dual,555,244,NA,Unknown
Radeon HD 7600G + HD 7550M Dual,509,202,NA,Unknown
Radeon HD 7600G + HD 8670M Dual,544,241,NA,Unknown
Radeon HD 7600G + HD Dual,435,158,NA,Unknown
Radeon HD 7600G N HD 7600G + HD ON HD Dual,526,244,NA,Unknown
Radeon HD 7600M + 7600M Dual,773,317,NA,Unknown
Radeon HD 7610M,632,479,20,Mobile
Radeon HD 7620G,366,113,NA,Unknown
Radeon HD 7620G + 8600M Dual,509,294,NA,Unknown
Radeon HD 7620G + 8670M Dual,577,322,NA,Unknown
Radeon HD 7620G + HD 8600M Dual,443,267,NA,Unknown
Radeon HD 7620G + HD 8670M Dual,507,267,NA,Unknown
Radeon HD 7620G N HD 7620G + HD 8600M N HD 8600M D,452,238,NA,Unknown
Radeon HD 7640G,446,123,NA,Unknown
Radeon HD 7640G + 6400M Dual,527,279,NA,Unknown
Radeon HD 7640G + 7400M Dual,637,286,NA,Unknown
Radeon HD 7640G + 7450M Dual,754,353,NA,Unknown
Radeon HD 7640G + 7470M Dual,595,301,NA,Unknown
Radeon HD 7640G + 7500/7600 Dual,627,293,NA,Unknown
Radeon HD 7640G + 7500M/7600M Dual,776,317,NA,Unknown
Radeon HD 7640G + 7600M Dual,706,294,NA,Unknown
Radeon HD 7640G + 7610M Dual,510,309,NA,Unknown
Radeon HD 7640G + 7650M Dual,747,188,NA,Unknown
Radeon HD 7640G + 7670M Dual,645,294,NA,Unknown
Radeon HD 7640G + 7690M Dual,946,325,NA,Unknown
Radeon HD 7640G + 7700M Dual,691,324,NA,Unknown
Radeon HD 7640G + 8500M Dual,586,308,NA,Unknown
Radeon HD 7640G + 8570M Dual,558,274,NA,Unknown
Radeon HD 7640G + 8600/8700M Dual,689,308,NA,Unknown
Radeon HD 7640G + 8600M Dual,250,217,NA,Unknown
Radeon HD 7640G + 8670M Dual,558,316,NA,Unknown
Radeon HD 7640G + 8750M Dual,655,305,NA,Unknown
Radeon HD 7640G + HD 7400M Dual,621,297,NA,Unknown
Radeon HD 7640G + HD 7500/7600 Dual,424,301,NA,Unknown
Radeon HD 7640G + HD 7600M Dual,704,277,NA,Unknown
Radeon HD 7640G + HD 7600M N HD 7600M Dual,407,198,NA,Unknown
Radeon HD 7640G + HD 7670M Dual,519,97,NA,Unknown
Radeon HD 7640G + HD 7700M Dual,589,277,NA,Unknown
Radeon HD 7640G + HD 7700M N HD 7700M Dual,631,272,NA,Unknown
Radeon HD 7640G + HD 8500M Dual,607,305,NA,Unknown
Radeon HD 7640G + HD 8500M N HD 8500M Dual,666,311,NA,Unknown
Radeon HD 7640G + HD 8570M Dual,475,196,NA,Unknown
Radeon HD 7640G + HD 8600/8700M Dual,587,298,NA,Unknown
Radeon HD 7640G + HD 8670M Dual,677,249,NA,Unknown
Radeon HD 7640G + HD 8750M Dual,997,293,NA,Unknown
Radeon HD 7640G + R5 M200 Dual,559,249,NA,Unknown
Radeon HD 7640G + R5 M230 Dual,239,75,NA,Unknown
Radeon HD 7640G N HD 7640G + HD 7600M N HD 7600M D,824,262,NA,Unknown
Radeon HD 7640G N HD 7640G + HD 7670M Dual,680,305,NA,Unknown
Radeon HD 7640G N HD 7640G + HD 8570M Dual,423,287,NA,Unknown
Radeon HD 7650A,564,311,NA,Unknown
Radeon HD 7650M,451,69,20,Mobile
Radeon HD 7660D,505,182,100,Desktop
Radeon HD 7660D + 6570 Dual,"1,100",551,NA,Unknown
Radeon HD 7660D + 6670 Dual,"1,238",524,NA,Unknown
Radeon HD 7660D + 7470 Dual,466,491,NA,Unknown
Radeon HD 7660D + 7500 Dual,"1,121",500,NA,Unknown
Radeon HD 7660D + 7540D Dual,"1,204",547,NA,Unknown
Radeon HD 7660D + 7670 Dual,"1,062",494,NA,Unknown
Radeon HD 7660D + HD 6670 Dual,"1,485",515,NA,Unknown
Radeon HD 7660D + HD 7000 Dual,634,465,NA,Unknown
Radeon HD 7660D + HD 7400 Dual,340,448,NA,Unknown
Radeon HD 7660D + HD 7700 Dual,"1,958",495,NA,Unknown
Radeon HD 7660D + R5 235 Dual,524,386,NA,Unknown
Radeon HD 7660D + R7 240 Dual,942,453,NA,Unknown
Radeon HD 7660G,476,129,NA,Unknown
Radeon HD 7660G + 7400M Dual,588,326,NA,Unknown
Radeon HD 7660G + 7470M Dual,631,351,NA,Unknown
Radeon HD 7660G + 7600M Dual,832,341,NA,Unknown
Radeon HD 7660G + 7610M Dual,746,323,NA,Unknown
Radeon HD 7660G + 7670M Dual,743,347,NA,Unknown
Radeon HD 7660G + 7700M Dual,757,311,NA,Unknown
Radeon HD 7660G + 7730M Dual,931,392,NA,Unknown
Radeon HD 7660G + 8600M Dual,446,360,NA,Unknown
Radeon HD 7660G + 8670M Dual,588,333,NA,Unknown
Radeon HD 7660G + HD 7500/7600 7500/7600 Dual,"1,002",347,NA,Unknown
Radeon HD 7660G + HD 7500/7600 Dual,760,369,NA,Unknown
Radeon HD 7660G + HD 7500M/7600M Dual,999,323,NA,Unknown
Radeon HD 7660G + HD 7600M Dual,616,116,NA,Unknown
Radeon HD 7660G + HD 7600M N HD 7600M Dual,460,297,NA,Unknown
Radeon HD 7660G + HD 7670M Dual,707,317,NA,Unknown
Radeon HD 7660G + HD 7700M Dual,777,168,NA,Unknown
Radeon HD 7660G + HD 7730M Dual,882,329,NA,Unknown
Radeon HD 7660G + HD 8500M Dual,758,355,NA,Unknown
Radeon HD 7660G + HD 8600/8700M Dual,747,365,NA,Unknown
Radeon HD 7660G + HD 8600M Dual,364,337,NA,Unknown
Radeon HD 7660G + HD 8670M Dual,711,325,NA,Unknown
Radeon HD 7660G N HD 7660G + HD 7600M N HD 7600M D,723,292,NA,Unknown
Radeon HD 7660G N HD 7660G + HD 7670M Dual,705,318,NA,Unknown
Radeon HD 7660G N HD 7660G + HD 7700M N HD 7700M D,967,351,NA,Unknown
Radeon HD 7670,813,301,66,Desktop
Radeon HD 7670A,"1,050",702,NA,Unknown
Radeon HD 7670M,487,129,20,Mobile
Radeon HD 7670M + 7670M Dual,738,294,NA,Unknown
Radeon HD 7690M,"1,003",576,20,Mobile
Radeon HD 7690M XT,"1,009",552,25,Mobile
Radeon HD 7700-serie,"1,899",533,NA,Unknown
Radeon HD 7730,"1,217",402,47,Desktop
Radeon HD 7730M,634,218,25,Mobile
Radeon HD 7750,"1,697",398,55,Desktop
Radeon HD 7750M,"1,191",693,28,Mobile
Radeon HD 7770,"2,201",469,80,Desktop
Radeon HD 7790,"3,090",459,85,Desktop
Radeon HD 7800-serie,"4,029",708,NA,Unknown
Radeon HD 7850,"3,824",550,130,Desktop
Radeon HD 7850M,"1,373",566,40,Mobile
Radeon HD 7870,"4,668",588,175,Desktop
Radeon HD 7870 XT,"4,470",661,185,Desktop
Radeon HD 7870M,"1,507",556,45,Mobile
Radeon HD 7950 / R9 280,"4,765",691,200,Desktop
Radeon HD 7970 / R9 280X,"5,248",730,250,Desktop
Radeon HD 7970M,"3,774",541,75,Mobile
Radeon HD 7990,"5,566",766,375,Desktop
Radeon HD 8180,152,55,NA,Unknown
Radeon HD 8210,193,50,NA,Unknown
Radeon HD 8210E,194,202,NA,Unknown
Radeon HD 8240,241,62,NA,Unknown
Radeon HD 8250,208,63,NA,Unknown
Radeon HD 8280,319,141,NA,Unknown
Radeon HD 8280E,241,82,NA,Unknown
Radeon HD 8280G,270,130,NA,Unknown
Radeon HD 8310E,341,187,NA,Unknown
Radeon HD 8330,252,68,NA,Unknown
Radeon HD 8330E,242,95,NA,Unknown
Radeon HD 8350,165,233,4.4,Desktop
Radeon HD 8350G,443,332,35,Mobile
Radeon HD 8370D,311,151,NA,Unknown
Radeon HD 8400,259,78,NA,Unknown
Radeon HD 8400E,273,123,NA,Unknown
Radeon HD 8410G,435,263,NA,Unknown
Radeon HD 8450G,356,149,NA,Unknown
Radeon HD 8450G + 8600/8700M Dual,"1,070",381,NA,Unknown
Radeon HD 8450G + 8600M Dual,545,356,NA,Unknown
Radeon HD 8450G + 8670M Dual,475,414,NA,Unknown
Radeon HD 8450G + 8750M Dual,637,299,NA,Unknown
Radeon HD 8450G + HD 8600M Dual,452,326,NA,Unknown
Radeon HD 8450G + HD 8670M Dual,575,377,NA,Unknown
Radeon HD 8450G + HD 8750M Dual,504,323,NA,Unknown
Radeon HD 8450G + R5 M230 Dual,578,298,NA,Unknown
Radeon HD 8470,257,172,35,Desktop
Radeon HD 8470D,362,145,NA,Unknown
Radeon HD 8470D + 6450 Dual,717,558,NA,Unknown
Radeon HD 8470D + 6570 Dual,838,454,NA,Unknown
Radeon HD 8470D + HD 6450 Dual,863,590,NA,Unknown
Radeon HD 8470D + HD 6670 Dual,"1,436",512,NA,Unknown
Radeon HD 8470D + HD 7500 Dual,"1,545",465,NA,Unknown
Radeon HD 8490,265,173,35,Desktop
Radeon HD 8500M,397,116,NA,Unknown
Radeon HD 8500M/8700M,853,503,NA,Unknown
Radeon HD 8510G,361,105,NA,Unknown
Radeon HD 8510G + 8500M Dual,596,260,NA,Unknown
Radeon HD 8510G + HD 8500M Dual,630,191,NA,Unknown
Radeon HD 8550D,685,357,NA,Unknown
Radeon HD 8550G,398,120,NA,Unknown
Radeon HD 8550G + 7600M Dual,901,395,NA,Unknown
Radeon HD 8550G + 8500M Dual,603,304,NA,Unknown
Radeon HD 8550G + 8570M Dual,533,307,NA,Unknown
Radeon HD 8550G + 8600/8700M Dual,803,336,NA,Unknown
Radeon HD 8550G + 8600M Dual,618,321,NA,Unknown
Radeon HD 8550G + 8670M Dual,579,334,NA,Unknown
Radeon HD 8550G + 8690M Dual,664,260,NA,Unknown
Radeon HD 8550G + 8750M Dual,796,321,NA,Unknown
Radeon HD 8550G + HD 7600M Dual,855,350,NA,Unknown
Radeon HD 8550G + HD 8500M Dual,559,301,NA,Unknown
Radeon HD 8550G + HD 8570M Dual,529,260,NA,Unknown
Radeon HD 8550G + HD 8600/8700M Dual,655,170,NA,Unknown
Radeon HD 8550G + HD 8600M Dual,594,322,NA,Unknown
Radeon HD 8550G + HD 8670M Dual,546,315,NA,Unknown
Radeon HD 8550G + HD 8750M Dual,819,336,NA,Unknown
Radeon HD 8550G + R5 M200 Dual,619,276,NA,Unknown
Radeon HD 8550G + R5 M230 Dual,488,211,NA,Unknown
Radeon HD 8550G N HD 8550G + HD 8600M N HD 8600M D,612,116,NA,Unknown
Radeon HD 8570,989,307,66,Desktop
Radeon HD 8570 + 8670D Dual,620,496,NA,Unknown
Radeon HD 8570 + HD 7660D Dual,949,467,NA,Unknown
Radeon HD 8570D,439,154,NA,Unknown
Radeon HD 8570D + 6570 Dual,"1,239",459,NA,Unknown
Radeon HD 8570D + 6670 Dual,"1,040",505,NA,Unknown
Radeon HD 8570D + HD 6570 Dual,868,506,NA,Unknown
Radeon HD 8570D + HD 6670 Dual,"1,261",537,NA,Unknown
Radeon HD 8570D + HD 7000 Dual,753,465,NA,Unknown
Radeon HD 8570D + HD 7700 Dual,"1,835",466,NA,Unknown
Radeon HD 8570D + HD 8470 Dual,338,416,NA,Unknown
Radeon HD 8570D + HD 8570 Dual,"1,033",520,NA,Unknown
Radeon HD 8570D + HD8490 Dual,374,380,NA,Unknown
Radeon HD 8570D + R5 235 Dual,471,470,NA,Unknown
Radeon HD 8570D + R7 200 Dual,999,401,NA,Unknown
Radeon HD 8570D + R7 240 Dual,964,489,NA,Unknown
Radeon HD 8570M,422,164,NA,Unknown
Radeon HD 8600/8700M,"1,030",554,NA,Unknown
Radeon HD 8610G,409,122,NA,Unknown
Radeon HD 8610G + 8500M Dual,610,298,NA,Unknown
Radeon HD 8610G + 8600M Dual,589,320,NA,Unknown
Radeon HD 8610G + 8670M Dual,600,356,NA,Unknown
Radeon HD 8610G + HD 8500M Dual,646,274,NA,Unknown
Radeon HD 8610G + HD 8600M Dual,481,156,NA,Unknown
Radeon HD 8610G + HD 8670M Dual,578,282,NA,Unknown
Radeon HD 8610G + R5 M200 Dual,676,291,NA,Unknown
Radeon HD 8650D,526,398,NA,Unknown
Radeon HD 8650G,479,135,NA,Unknown
Radeon HD 8650G + 7600M Dual,742,404,NA,Unknown
Radeon HD 8650G + 7670M Dual,884,379,NA,Unknown
Radeon HD 8650G + 7700M Dual,"1,126",399,NA,Unknown
Radeon HD 8650G + 8500M Dual,627,351,NA,Unknown
Radeon HD 8650G + 8570M Dual,654,282,NA,Unknown
Radeon HD 8650G + 8600/8700M Dual,832,374,NA,Unknown
Radeon HD 8650G + 8600M Dual,613,370,NA,Unknown
Radeon HD 8650G + 8670M Dual,635,355,NA,Unknown
Radeon HD 8650G + 8750M Dual,787,381,NA,Unknown
Radeon HD 8650G + HD 7600M Dual,820,346,NA,Unknown
Radeon HD 8650G + HD 7670M Dual,634,305,NA,Unknown
Radeon HD 8650G + HD 8570M Dual,716,317,NA,Unknown
Radeon HD 8650G + HD 8600/8700M Dual,764,356,NA,Unknown
Radeon HD 8650G + HD 8600M Dual,606,378,NA,Unknown
Radeon HD 8650G + HD 8600M N HD 8600M Dual,758,413,NA,Unknown
Radeon HD 8650G + HD 8670M Dual,585,320,NA,Unknown
Radeon HD 8650G + HD 8750M Dual,779,345,NA,Unknown
Radeon HD 8650G + HD 8790M Dual,800,404,NA,Unknown
Radeon HD 8650G + R5 M200 Dual,723,323,NA,Unknown
Radeon HD 8650G + R5 M230 Dual,686,374,NA,Unknown
Radeon HD 8650G N HD 8650G + HD 8570M Dual,773,368,NA,Unknown
Radeon HD 8650G N HD 8650G + HD 8600/8700M Dual,796,322,NA,Unknown
Radeon HD 8650G N HD 8650G + HD 8600M N HD 8600M D,680,347,NA,Unknown
Radeon HD 8670D,548,189,NA,Unknown
Radeon HD 8670D + 6670 Dual,"1,361",568,NA,Unknown
Radeon HD 8670D + 7000 Dual,812,488,NA,Unknown
Radeon HD 8670D + 7700 Dual,"1,789",572,NA,Unknown
Radeon HD 8670D + 8570 Dual,974,419,NA,Unknown
Radeon HD 8670D + HD 6670 Dual,"1,222",541,NA,Unknown
Radeon HD 8670D + HD 7000 Dual,719,403,NA,Unknown
Radeon HD 8670D + HD 7600 Dual,"1,318",472,NA,Unknown
Radeon HD 8670D + HD 7700 Dual,"1,892",446,NA,Unknown
Radeon HD 8670D + R5 235 Dual,837,518,NA,Unknown
Radeon HD 8670D + R5 330 Dual,746,494,NA,Unknown
Radeon HD 8670D + R7 200 Dual,950,506,NA,Unknown
Radeon HD 8670D + R7 240 Dual,"1,020",525,NA,Unknown
Radeon HD 8670D N HD 8670D + HD 8670D Dual,489,526,NA,Unknown
Radeon HD 8670M,520,488,NA,Mobile
Radeon HD 8690A,466,128,NA,Unknown
Radeon HD 8690M,984,768,NA,Unknown
Radeon HD 8730M,668,187,NA,Mobile
Radeon HD 8750M,852,210,NA,Mobile
Radeon HD 8790M,"1,306",751,NA,Mobile
Radeon HD 8790M / R9 M290X,"1,211",694,NA,Unknown
Radeon HD 8850M,973,502,NA,Mobile
Radeon HD 8850M / R9 M265X,"1,140",741,NA,Unknown
Radeon HD 8870M,"1,638",629,NA,Mobile
Radeon HD 8870M / R9 M270X / M370X,"1,800",679,NA,Unknown
Radeon HD 8950,"2,267",423,225,Desktop
Radeon HD 8970M,"3,876",807,100,Mobile
Radeon HD 8990,"5,214",658,375,Desktop
Radeon HD HD7850M,"1,652",686,NA,Unknown
Radeon HD4650,240,99,NA,Unknown
Radeon HD4670,366,585,NA,Unknown
RADEON HD6370D,320,312,NA,Unknown
RADEON HD6410D,423,296,NA,Unknown
RADEON HD6530D,532,327,NA,Unknown
RADEON HD7450,199,215,NA,Unknown
Radeon HD8530M,490,438,NA,Unknown
Radeon HD8970M,"3,369",663,NA,Unknown
Radeon HDG 4670,170,197,NA,Unknown
RADEON IGP 320,4,44,NA,Unknown
Radeon IGP 320M,4,101,NA,Unknown
Radeon IGP 340M,3,102,NA,Unknown
RADEON IGP 345M,3,82,NA,Unknown
RADEON IGP 34xM,2,89,NA,Unknown
RADEON IGP 350M,6,136,NA,Unknown
Radeon Infoshock 3000,107,475,NA,Unknown
Radeon Instinct MI25 MxGPU,"10,466",727,NA,Unknown
Radeon M535DX,750,288,NA,Unknown
Radeon Pro,"1,965",641,NA,Unknown
Radeon Pro 450,"2,723",619,NA,Unknown
Radeon Pro 455,"3,113",705,NA,Unknown
Radeon Pro 460,"3,453",679,NA,Unknown
Radeon Pro 465,"4,538",562,NA,Unknown
Radeon Pro 5300,"7,522",663,NA,Unknown
Radeon Pro 5300M,"5,840",636,85,Unknown
Radeon Pro 5500 XT,"8,298",628,NA,Unknown
Radeon Pro 5500M,"6,734",687,85,Unknown
Radeon Pro 555,"3,141",659,NA,Unknown
Radeon Pro 560,"3,475",724,NA,Unknown
Radeon Pro 5600M,"10,200",702,50,Mobile
Radeon Pro 560X,"3,678",711,NA,Unknown
Radeon Pro 570,"6,337",697,NA,Unknown
Radeon Pro 5700,"11,844",829,130,Desktop
Radeon Pro 5700 XT,"12,484",837,130,Desktop
Radeon Pro 580,"7,753",943,NA,Unknown
Radeon Pro 580X,"7,540",698,150,Desktop
Radeon Pro Duo,"8,324",715,350,Desktop
Radeon Pro Ryzen 7 PRO 5850U,"2,217",645,NA,Unknown
Radeon Pro SSG,"10,498",601,NA,Unknown
Radeon Pro V340 MxGPU,"2,853",118,NA,Unknown
Radeon Pro V520 MxGPU,"12,853",546,NA,Unknown
Radeon Pro Vega 16,"4,683",672,NA,Unknown
Radeon Pro Vega 20,"5,117",544,NA,Unknown
Radeon Pro Vega 48,"11,504",821,NA,Unknown
Radeon Pro Vega 56,"12,386",860,NA,Desktop
Radeon Pro Vega 64,"12,402",836,NA,Unknown
Radeon Pro Vega 64X,"14,630",948,NA,Unknown
Radeon Pro Vega II,"14,738",827,NA,Unknown
Radeon Pro VII,"16,853",720,NA,Unknown
Radeon Pro W5500,"9,286",902,125,Desktop
Radeon Pro W5500M,"2,010",533,85,Mobile
Radeon Pro W5700,"15,019",903,205,Desktop
Radeon PRO W6400,"5,916",621,NA,Unknown
Radeon PRO W6600,"14,181",939,NA,Unknown
Radeon PRO W6800,"18,870",914,NA,Unknown
Radeon Pro WX 2100,"1,758",404,35,Mobile
Radeon Pro WX 3100,"2,599",487,50,Workstation
Radeon Pro WX 3200,"2,456",478,65,Mobile
Radeon Pro WX 4100,"3,766",690,50,Desktop
Radeon Pro WX 4130,"1,881",395,50,Mobile
Radeon Pro WX 4150,"1,935",413,50,Mobile
Radeon Pro WX 4170,"1,409",427,50,Mobile
Radeon Pro WX 5100,"5,511",820,75,Workstation
Radeon Pro WX 7100,"7,822",787,130,Workstation
Radeon Pro WX 7130,"5,722",695,130,Mobile
Radeon Pro WX 8200,"14,110",824,230,Desktop
Radeon Pro WX 9100,"13,241",772,230,Desktop
Radeon Pro WX Vega M GL,"6,049",777,65,Mobile
Radeon R1E,301,179,NA,Unknown
Radeon R2,241,68,NA,Unknown
Radeon R2E,229,100,NA,Unknown
Radeon R3,302,96,NA,Unknown
Radeon R3E,206,90,NA,Unknown
Radeon R4,332,101,NA,Unknown
Radeon R4E,487,366,NA,Unknown
Radeon R5 220,135,112,19,Desktop
Radeon R5 230,222,255,NA,Unknown
Radeon R5 235,329,176,35,Desktop
Radeon R5 235 + HD 7560D Dual,744,441,NA,Unknown
Radeon R5 235 + HD 8570D Dual,738,486,NA,Unknown
Radeon R5 235X,280,210,18,Desktop
Radeon R5 240,520,195,50,Desktop
Radeon R5 310,332,545,NA,Unknown
Radeon R5 330,513,200,30,Desktop
Radeon R5 340,996,370,NA,Unknown
Radeon R5 420,575,230,NA,Unknown
Radeon R5 430,939,313,NA,Unknown
Radeon R5 435,841,235,NA,Unknown
Radeon R5 A10-9600P 4C+6G,619,146,NA,Unknown
"Radeon R5 A10-9600P RADEON R5, 10 COMPUTE CORES 4C",716,146,NA,Unknown
Radeon R5 A10-9620P 4C+6G,732,196,NA,Unknown
"Radeon R5 A10-9620P RADEON R5, 10 COMPUTE CORES 4C",626,165,NA,Unknown
Radeon R5 A10-9630P 4C+6G,977,270,NA,Unknown
"Radeon R5 A10-9630P RADEON R5, 10 COMPUTE CORES 4C",580,175,NA,Unknown
Radeon R5 A240,576,802,NA,Unknown
Radeon R5 A6-7480,811,217,NA,Unknown
Radeon R5 A6-8500P,624,209,NA,Unknown
"Radeon R5 A6-9400 RADEON R5, 6 COMPUTE CORES 2C+4G",605,271,NA,Unknown
Radeon R5 A6-9500 2C+6G,853,249,NA,Unknown
"Radeon R5 A6-9500 RADEON R5, 8 COMPUTE CORES 2C+6G",878,200,NA,Unknown
Radeon R5 A6-9500E 2C+4G,"1,015",438,NA,Unknown
Radeon R5 M230,391,139,NA,Mobile
Radeon R5 M240,432,247,NA,Unknown
Radeon R5 M255,500,141,NA,Mobile
Radeon R5 M315,476,205,NA,Unknown
Radeon R5 M320,427,139,NA,Unknown
Radeon R5 M330,596,519,18,Mobile
Radeon R5 M335,549,577,NA,Mobile
Radeon R5 M420,470,164,NA,Unknown
Radeon R5 M430,649,516,NA,Unknown
Radeon R5 M435,796,179,NA,Unknown
Radeon R5 Opteron X3216,394,182,NA,Unknown
Radeon R5 PRO A10-8730B 4C+6G,695,201,NA,Unknown
"Radeon R5 PRO A10-8730B R5, 10 COMPUTE CORES 4C+6G",598,152,NA,Unknown
Radeon R5 PRO A6-8500B 2C+4G,508,416,NA,Unknown
Radeon R5 PRO A6-8530B 2C+4G,690,354,NA,Unknown
Radeon R5 PRO A6-8570 2C+6G,847,292,NA,Unknown
"Radeon R5 PRO A6-8570 R5, 8 COMPUTE CORES 2C+6G","1,064",249,NA,Unknown
Radeon R5 PRO A6-8570E 2C+4G,638,268,NA,Unknown
"Radeon R5 PRO A6-8570E R5, 6 COMPUTE CORES 2C+4G",866,210,NA,Unknown
Radeon R5 PRO A6-9500 2C+6G,"1,096",353,NA,Unknown
"Radeon R5 PRO A6-9500 R5, 8 COMPUTE CORES 2C+6G","1,000",231,NA,Unknown
Radeon R5 PRO A6-9500B 2C+4G,693,323,NA,Unknown
"Radeon R5 PRO A6-9500B R5, 6 COMPUTE CORES 2C+4G",507,131,NA,Unknown
Radeon R5 PRO A6-9500E 2C+4G,771,288,NA,Unknown
Radeon R5 PRO A8-9600B 4C+6G,659,224,NA,Unknown
"Radeon R5 PRO A8-9600B R5, 10 COMPUTE CORES 4C+6G",718,181,NA,Unknown
Radeon R5E,301,106,NA,Unknown
Radeon R6,650,146,15,"Desktop, Mobile"
Radeon R6 + R7 M265DX Dual,571,328,NA,Unknown
Radeon R6 A10-8700P,532,140,NA,Unknown
Radeon R6 A10-9600P 4C+6G,970,336,NA,Unknown
Radeon R6 A8-8600P,475,151,NA,Unknown
Radeon R6 M255DX,572,106,NA,Unknown
Radeon R6 Opteron X3418,955,399,NA,Unknown
Radeon R6 PRO A10-8700B 4C+6G,538,146,NA,Unknown
"Radeon R6 PRO A10-8700B R6, 10 Compute Cores 4C+6G",526,146,NA,Unknown
Radeon R6 PRO A8-8600B 4C+6G,532,158,NA,Unknown
"Radeon R6 PRO A8-8600B R6, 10 Compute Cores 4C+6G",572,151,NA,Unknown
Radeon R7 + HD 7700 Dual,"1,962",498,NA,Unknown
Radeon R7 + R5 330 Dual,"1,028",531,NA,Unknown
Radeon R7 + R5 340 Dual,"1,235",471,NA,Unknown
Radeon R7 + R5 435 Dual A10-9700 RADEON,886,480,NA,Unknown
Radeon R7 + R5 Dual,898,496,NA,Unknown
Radeon R7 + R7 200 Dual,"1,129",310,NA,Unknown
Radeon R7 + R7 240 Dual,"1,045",374,NA,Unknown
Radeon R7 + R7 250 Dual,"1,232",576,NA,Unknown
Radeon R7 + R7 350 Dual,"1,982",552,NA,Unknown
Radeon R7 +8G,"1,191",460,NA,Unknown
Radeon R7 240,863,259,30,Desktop
Radeon R7 240 + HD 8570D Dual,918,352,NA,Unknown
Radeon R7 240 + HD 8670D Dual,930,471,NA,Unknown
Radeon R7 250,"1,153",296,75,Desktop
Radeon R7 250X,"2,269",637,95,Desktop
Radeon R7 260,"2,892",559,95,Desktop
Radeon R7 260X,"3,149",506,115,Desktop
Radeon R7 340,931,357,NA,Unknown
Radeon R7 360,"3,034",495,100,Desktop
Radeon R7 370,"4,474",594,150,Desktop
Radeon R7 430,"1,122",423,NA,Unknown
Radeon R7 450,"1,974",573,65,Desktop
Radeon R7 7850A10-7850K,551,506,NA,Unknown
Radeon R7 A10 Extreme Edition,816,286,NA,Unknown
Radeon R7 A10 PRO-7800B,562,289,NA,Unknown
Radeon R7 A10 PRO-7850B,958,403,NA,Unknown
Radeon R7 A10-7700K,749,227,NA,Unknown
Radeon R7 A10-7800,691,197,NA,Unknown
Radeon R7 A10-7850K,981,285,95,Desktop
Radeon R7 A10-7860K,912,228,NA,Unknown
Radeon R7 A10-7870K,"1,280",273,NA,Unknown
Radeon R7 A10-7890K,781,241,NA,Unknown
Radeon R7 A10-8750,885,243,NA,Unknown
Radeon R7 A10-8850,773,277,NA,Unknown
Radeon R7 A10-9700 RADEON,975,239,NA,Unknown
Radeon R7 A10-9700E RADEON,"1,138",346,NA,Unknown
Radeon R7 A12-9700P RADEON,703,165,NA,Unknown
Radeon R7 A12-9720P RADEON,759,186,NA,Unknown
Radeon R7 A12-9730P RADEON,"1,047",283,NA,Unknown
Radeon R7 A12-9800 RADEON,989,288,NA,Unknown
Radeon R7 A12-9800E RADEON,941,257,NA,Unknown
Radeon R7 A265,955,737,NA,Unknown
Radeon R7 A360,676,346,NA,Unknown
Radeon R7 A365,781,763,NA,Unknown
Radeon R7 A370,"1,281",742,NA,Unknown
Radeon R7 A8 PRO-7600B,627,156,NA,Unknown
Radeon R7 A8-7500,948,336,NA,Unknown
Radeon R7 A8-7500 4C+6G,853,390,NA,Unknown
Radeon R7 A8-7600,781,209,NA,Unknown
Radeon R7 A8-7650K,704,208,NA,Unknown
Radeon R7 A8-7670K,862,318,NA,Unknown
Radeon R7 A8-7680,752,210,NA,Unknown
Radeon R7 A8-8650,913,499,NA,Unknown
Radeon R7 A8-9600 RADEON,808,193,NA,Unknown
Radeon R7 FX-8800P,775,184,NA,Unknown
Radeon R7 FX-9800P RADEON,727,197,NA,Unknown
Radeon R7 FX-9830P RADEON,"1,110",229,NA,Unknown
Radeon R7 G,870,532,NA,Unknown
Radeon R7 M260,451,117,NA,Mobile
Radeon R7 M260DX,822,210,NA,Unknown
Radeon R7 M260X,947,175,NA,Mobile
Radeon R7 M265,576,170,NA,Mobile
Radeon R7 M265DX,499,138,NA,Unknown
Radeon R7 M270,734,167,NA,Unknown
Radeon R7 M270DX,962,233,NA,Unknown
Radeon R7 M340,640,150,NA,Mobile
Radeon R7 M350,"1,027",230,NA,Unknown
Radeon R7 M360,552,150,NA,Mobile
Radeon R7 M365X,884,234,NA,Unknown
Radeon R7 M370,"1,418",676,NA,Mobile
Radeon R7 M380,"1,669",534,NA,Unknown
Radeon R7 M440,868,181,NA,Unknown
Radeon R7 M445,913,182,NA,Unknown
Radeon R7 M460,"1,046",227,NA,Unknown
Radeon R7 M465,"1,202",479,NA,Unknown
Radeon R7 M465X,"1,624",440,NA,Unknown
Radeon R7 Opteron X3421,"1,169",328,NA,Unknown
Radeon R7 PRO A10-8750B,758,224,NA,Unknown
Radeon R7 PRO A10-8770,931,241,NA,Unknown
Radeon R7 PRO A10-8770E,899,241,NA,Unknown
Radeon R7 PRO A10-8850B,945,552,NA,Unknown
Radeon R7 PRO A10-9700,771,212,NA,Unknown
Radeon R7 PRO A10-9700B,758,259,NA,Unknown
Radeon R7 PRO A10-9700E,933,234,NA,Unknown
Radeon R7 PRO A12-8800B,642,201,NA,Unknown
Radeon R7 PRO A12-8830B,883,341,NA,Unknown
Radeon R7 PRO A12-8870,"1,376",541,NA,Unknown
Radeon R7 PRO A12-8870E,962,312,NA,Unknown
Radeon R7 PRO A12-9800,"1,117",334,NA,Unknown
Radeon R7 PRO A12-9800B,722,197,NA,Unknown
Radeon R7 PRO A12-9800E,989,266,NA,Unknown
Radeon R7 PRO A6-9500 2C+6G,781,439,NA,Unknown
Radeon R7 PRO A8-8650B,730,191,NA,Unknown
Radeon R7 PRO A8-8670E,"1,310",442,NA,Unknown
Radeon R7 PRO A8-9600,"1,049",482,NA,Unknown
Radeon R7E,690,208,NA,Unknown
Radeon R8 M365DX,741,336,NA,Unknown
Radeon R8 M445DX,806,179,NA,Unknown
Radeon R8 M535DX,670,182,NA,Unknown
Radeon R9 255,"1,485",395,NA,Desktop
Radeon R9 260,"3,018",643,NA,Unknown
Radeon R9 270,"4,306",567,NA,Unknown
Radeon R9 270 / R7 370,"4,260",645,150,Desktop
Radeon R9 270X,"4,922",607,180,Desktop
Radeon R9 280,"5,661",678,250,Desktop
Radeon R9 280X,"6,285",691,250,Desktop
Radeon R9 285,"6,680",597,NA,Unknown
Radeon R9 285 / 380,"5,550",655,190,Desktop
Radeon R9 290,"8,404",788,NA,Unknown
Radeon R9 290 / 390,"8,150",695,275,Desktop
Radeon R9 290X,"8,785",788,NA,Unknown
Radeon R9 290X / 390X,"8,389",699,290,Desktop
Radeon R9 295X2,"8,619",804,500,Desktop
Radeon R9 350,"2,007",552,60,Desktop
Radeon R9 360,"3,032",460,85,Desktop
Radeon R9 370,"4,722",781,150,Desktop
Radeon R9 380,"6,271",674,190,Desktop
Radeon R9 380X,"6,184",671,190,Desktop
Radeon R9 390,"9,001",816,275,Desktop
Radeon R9 390X,"9,509",843,275,Desktop
Radeon R9 A375,"1,024",232,NA,Unknown
Radeon R9 Fury,"9,551",791,NA,Unknown
Radeon R9 Fury + Fury X,"9,741",811,275,Desktop
Radeon R9 Fury X,"10,058",882,NA,Unknown
Radeon R9 M265X,914,213,NA,Mobile
Radeon R9 M270X,"1,204",306,NA,Mobile
Radeon R9 M275,"1,115",569,NA,Mobile
Radeon R9 M275X,"1,963",434,NA,Unknown
Radeon R9 M275X / M375,"1,575",467,50,Mobile
Radeon R9 M280X,922,272,75,Mobile
Radeon R9 M290X,"3,375",453,100,Mobile
Radeon R9 M295X,"5,150",832,125,Mobile
Radeon R9 M360,"1,741",431,NA,Unknown
Radeon R9 M365X,"1,482",446,50,Mobile
Radeon R9 M370X,"1,360",346,50,Mobile
Radeon R9 M375,763,172,NA,Mobile
Radeon R9 M375X,"1,843",392,NA,Mobile
Radeon R9 M380,"2,931",617,NA,Mobile
Radeon R9 M385,"2,018",230,70,Mobile
Radeon R9 M385X,"1,929",285,75,Mobile
Radeon R9 M390X,"3,021",507,100,Mobile
Radeon R9 M395,"4,991",725,125,Mobile
Radeon R9 M395X,"4,775",762,125,Mobile
Radeon R9 M470,"2,194",376,75,Mobile
Radeon R9 M470X,"3,400",552,75,Mobile
Radeon R9 M485X,"3,204",492,NA,Unknown
Radeon RX 460,"4,111",570,75,Desktop
Radeon RX 470/570,"8,067",726,120,Desktop
Radeon RX 480,"8,672",779,150,Desktop
Radeon RX 5300,"7,611",854,100,Desktop
Radeon RX 5300M,"3,612",357,85,Mobile
Radeon RX 540,"1,820",416,NA,Desktop
Radeon RX 550,"2,715",483,50,Desktop
Radeon RX 5500,"8,825",875,150,Desktop
Radeon RX 5500 XT,"9,189",824,130,Desktop
Radeon RX 5500M,"4,022",415,85,Mobile
Radeon RX 550X,"2,414",518,50,Desktop
Radeon RX 560,"3,593",507,80,Desktop
Radeon RX 5600,"11,030",935,150,Desktop
Radeon RX 5600 XT,"13,839",914,150,Desktop
Radeon RX 5600M,"7,117",540,150,Mobile
Radeon RX 560X,"3,181",487,75,Desktop
Radeon RX 5700,"14,723",926,180,Desktop
Radeon RX 5700 XT,"16,887",955,225,Desktop
Radeon RX 5700 XT 50th Anniversary,"16,714",969,235,Desktop
Radeon RX 570X,"1,923",750,120,Desktop
Radeon RX 580,"8,905",771,185,Desktop
Radeon RX 580 2048SP,"7,768",669,NA,Unknown
Radeon RX 580X,"7,798",885,185,Desktop
Radeon RX 590,"9,669",810,175,Desktop
Radeon RX 640,"1,543",278,50,"Desktop, Mobile"
Radeon RX 6500 XT,"9,537",920,NA,Unknown
Radeon RX 6600,"13,750",935,NA,Unknown
Radeon RX 6600 XT,"15,813",997,160,Desktop
Radeon RX 6600M,"9,013",688,NA,Unknown
Radeon RX 6700 XT,"18,996","1,014",230,Desktop
Radeon RX 6700M,"11,395",551,NA,Unknown
Radeon RX 6700S,"12,167",866,NA,Unknown
Radeon RX 6800,"20,639","1,030",250,Desktop
Radeon RX 6800 XT,"23,293","1,076",300,Desktop
Radeon RX 6800M,"8,731",652,145,Mobile
Radeon RX 6900 XT,"25,401","1,105",300,Desktop
Radeon RX Vega 10,"1,696",388,NA,Unknown
Radeon RX Vega 11,"2,134",535,NA,Desktop
Radeon RX Vega 11 PRD,"2,402",601,NA,Unknown
Radeon RX Vega 11 Processor,"1,755",460,NA,Unknown
Radeon RX Vega 56,"13,644",784,210,Desktop
Radeon RX Vega 64,"14,636",810,295,Desktop
Radeon RX Vega 8,"1,552",385,NA,Unknown
Radeon RX Vega M GH,"6,734",832,NA,Unknown
Radeon RX Vega M GL,"3,315",506,NA,Unknown
Radeon RX Vega11,"1,717",448,NA,Unknown
Radeon RX590 GME,"8,628",704,175,Desktop
Radeon Ryzen 3 4300G,"1,596",588,NA,Unknown
Radeon Ryzen 3 4300GE,"2,323",686,NA,Unknown
Radeon Ryzen 3 4300U,"1,307",486,NA,Unknown
Radeon Ryzen 3 5300G,"1,406",643,NA,Unknown
Radeon Ryzen 3 5400U,"1,183",594,NA,Unknown
Radeon Ryzen 3 PRO 4200GE,"1,712",600,NA,Unknown
Radeon Ryzen 3 PRO 4350G,"2,151",643,NA,Unknown
Radeon Ryzen 3 PRO 4350GE,"1,468",575,NA,Unknown
Radeon Ryzen 3 PRO 4450U,"1,518",559,NA,Unknown
Radeon Ryzen 3 PRO 5350G,"1,408",632,NA,Unknown
Radeon Ryzen 3 PRO 5450U,"1,143",555,NA,Unknown
Radeon Ryzen 5 4500U,"1,801",550,NA,Unknown
Radeon Ryzen 5 4600G,"2,176",649,NA,Unknown
Radeon Ryzen 5 4600GE,"1,412",467,NA,Unknown
Radeon Ryzen 5 4600H,"2,747",565,NA,Unknown
Radeon Ryzen 5 4600HS,"7,942",447,NA,Unknown
Radeon Ryzen 5 4600U,"1,837",535,NA,Unknown
Radeon Ryzen 5 5600G,"2,555",818,NA,Unknown
Radeon Ryzen 5 5600H,"2,721",695,NA,Unknown
Radeon Ryzen 5 5600U,"2,046",646,NA,Unknown
Radeon Ryzen 5 Microsoft Surface Edition,"2,085",515,NA,Unknown
Radeon Ryzen 5 PRO 4650G,"2,415",704,NA,Unknown
Radeon Ryzen 5 PRO 4650GE,"2,034",642,NA,Unknown
Radeon Ryzen 5 PRO 4650U,"1,717",542,NA,Unknown
Radeon Ryzen 5 PRO 5650G,"2,161",757,NA,Unknown
Radeon Ryzen 5 PRO 5650GE,"2,437",821,NA,Unknown
Radeon Ryzen 5 PRO 5650U,"2,164",682,NA,Unknown
Radeon Ryzen 7 4700G,"2,580",732,NA,Unknown
Radeon Ryzen 7 4700GE,"2,434",724,NA,Unknown
Radeon Ryzen 7 4700U,"2,044",559,NA,Unknown
Radeon Ryzen 7 4800H,"5,244",494,NA,Unknown
Radeon Ryzen 7 4800HS,"8,842",426,NA,Unknown
Radeon Ryzen 7 4800U,"2,271",596,NA,Unknown
Radeon Ryzen 7 4850U Mobile,"2,138",519,NA,Unknown
Radeon Ryzen 7 5700G,"2,782",851,NA,Unknown
Radeon Ryzen 7 5800H,"2,777",741,NA,Unknown
Radeon Ryzen 7 5800U,"2,307",682,NA,Unknown
Radeon Ryzen 7 Microsoft Surface Edition,"2,298",540,NA,Unknown
Radeon Ryzen 7 PRO 4750G,"2,602",707,NA,Unknown
Radeon Ryzen 7 PRO 4750GE,"2,200",652,NA,Unknown
Radeon Ryzen 7 PRO 4750U,"2,030",566,NA,Unknown
Radeon Ryzen 7 PRO 5750G,"2,154",771,NA,Unknown
Radeon Ryzen 7 PRO 5750GE,"2,764",869,NA,Unknown
Radeon Ryzen 7 PRO 5850U,"2,344",686,NA,Unknown
Radeon Ryzen 9 4900H,"2,685",673,NA,Unknown
Radeon Ryzen 9 4900HS,"8,572",378,NA,Unknown
Radeon Ryzen 9 4900HSS,"9,461",417,NA,Unknown
Radeon Ryzen 9 5900H,"2,755",837,NA,Unknown
Radeon Ryzen 9 5900HS,"10,463",453,NA,Unknown
Radeon Ryzen 9 5900HX,"3,143",789,NA,Unknown
Radeon Ryzen Embedded V2718,"2,149",605,NA,Unknown
Radeon Ryzen Embedded V2748,"1,296",503,NA,Unknown
Radeon Sky 500,"4,736",551,NA,Unknown
Radeon TM R9 A360,"2,105",718,NA,Unknown
Radeon VE,2,36,NA,Unknown
Radeon Vega 10,"1,553",385,NA,Unknown
Radeon Vega 10 Mobile,"1,457",335,NA,Unknown
Radeon Vega 11,"1,847",509,NA,Unknown
Radeon Vega 2,491,247,NA,Unknown
Radeon Vega 3,889,309,NA,Unknown
Radeon Vega 3 Mobile,"1,029",310,NA,Unknown
Radeon Vega 6,"1,292",353,NA,Unknown
Radeon Vega 8,"1,594",421,NA,"Desktop, Mobile"
Radeon Vega 8 Mobile,"1,438",349,NA,Unknown
Radeon Vega 9,"1,666",442,NA,Unknown
Radeon Vega Frontier Edition,"13,748",753,350,Desktop
Radeon VII,"16,754",788,300,Desktop
Radeon X1050,49,245,NA,Desktop
Radeon X1200,33,169,NA,Unknown
Radeon X1250,37,199,NA,Unknown
Radeon X1270,31,169,NA,Unknown
Radeon X1300,58,237,NA,Desktop
Radeon X1300 PRO,84,313,NA,Unknown
Radeon X1550,67,253,27,Desktop
Radeon X1550 64-bit,48,257,NA,Unknown
Radeon X1600,49,209,NA,Unknown
Radeon X1600 Pro,99,273,41,Desktop
Radeon X1600 Pro / X1300XT,69,285,NA,Unknown
Radeon X1600 XT,116,356,42,Desktop
Radeon X1650 GTO,75,384,NA,Unknown
Radeon X1650 Pro,85,241,44,Desktop
Radeon X1650 SE,71,358,NA,Unknown
Radeon X1700 Targa Edition,117,255,NA,Unknown
Radeon X1800 GTO,141,415,48,Desktop
Radeon X1900 CrossFire Edition,137,507,100,Desktop
Radeon X1900 GT,146,409,75,Desktop
Radeon X1950 CrossFire Edition,151,466,NA,Desktop
Radeon X1950 GT,106,279,57,Desktop
Radeon X1950 Pro,113,318,66,Desktop
RADEON X300SE,38,242,NA,Unknown
RADEON X550,51,266,NA,Desktop
RADEON X550XT,56,224,NA,Unknown
Radeon X550XTX,71,240,NA,Unknown
RADEON X600 256MB HyperMemory,57,210,NA,Desktop
RADEON X600XT,92,258,NA,Unknown
RADEON X700,73,248,NA,Desktop
RADEON X700 PRO,76,302,NA,Desktop
RADEON X700 SE,71,348,NA,Desktop
RADEON X800 GT,84,423,NA,Desktop
RADEON X800 GTO,115,162,NA,Desktop
RADEON X800 PRO,65,190,NA,Desktop
RADEON X800 PRO/GTO,73,181,NA,Desktop
RADEON X800 SE,130,384,NA,Desktop
RADEON X800 XL,69,271,NA,Desktop
RADEON X800 XT,98,271,NA,Desktop
RADEON X800 XT Platinum Edition,81,170,NA,Desktop
RADEON X800GT,80,264,NA,Unknown
RADEON X850 PRO,73,157,NA,Desktop
RADEON X850 XT,81,326,NA,Desktop
RADEON X850 XT Platinum Edition,82,261,NA,Desktop
Radeon Xpress 1100,34,187,NA,Unknown
Radeon Xpress 1150,30,192,NA,Unknown
Radeon Xpress 1200,36,192,NA,Unknown
Radeon Xpress 1250,43,197,NA,Unknown
Radeon Xpress 1270,27,191,NA,Unknown
Radeon Xpress 1300,52,266,NA,Unknown
Radeon Xpress 1300M,40,195,NA,Unknown
RADEON XPRESS 200,30,188,NA,Unknown
RADEON XPRESS 200 CROSSFIRE,18,164,NA,Unknown
RADEON XPRESS 200M,23,176,NA,Unknown
Radeon. HD 7730M,928,678,NA,Unknown
RadeonT,132,40,NA,Unknown
RadeonT 540X,"1,804",438,NA,Unknown
RadeonT R5 430,"1,012",579,NA,Unknown
RadeonT R7 450,"2,185",930,NA,Unknown
RadeonT RX 5300,"7,321",809,NA,Unknown
RadeonT RX 5500M,"3,166",336,NA,Unknown
RadeonT RX 560X,"1,810",676,NA,Unknown
RadeonT RX 640,"1,363",281,NA,Unknown
RadeonT RX 6850M,"15,899",823,NA,Unknown
RadeonT Vega 3,775,391,NA,Unknown
Rage 128 Pro,1,40,NA,Unknown
RAGE 128 PRO AGP 4X TMDS,1,142,NA,Unknown
Rage Fury Pro/Xpert 2000 Pro,3,53,NA,Unknown
Red Hat QXL controller,32,270,NA,Unknown
RGH Drivers v3,11,312,NA,Unknown
RIVA TNT2 Model 64/Model 64 Pro,4,107,NA,Unknown
RIVA TNT2/TNT2 Pro,3,71,NA,Unknown
RTX A2000,"13,048",897,NA,Unknown
RTX A2000 12GB,"12,879","1,102",NA,Unknown
RTX A2000 Laptop GPU,"10,142",446,95,"Mobile, Workstation"
RTX A3000 12GB Laptop GPU,"9,975",459,NA,Unknown
RTX A3000 Laptop GPU,"13,105",487,130,"Mobile, Workstation"
RTX A4000,"19,154",924,140,Workstation
RTX A4000 Laptop GPU,"16,493",556,140,"Mobile, Workstation"
RTX A4500,"21,546",892,NA,Unknown
RTX A5000,"22,901",979,230,Workstation
RTX A5000 Laptop GPU,"16,171",645,165,"Mobile, Workstation"
RTX A6000,"22,066",829,300,Workstation
RV530 PRO,119,386,NA,Unknown
Ryzen 3 4300G with Radeon Graphics,"1,903",650,NA,Unknown
Ryzen 3 4300GE with Radeon Graphics,"2,402",687,NA,Unknown
Ryzen 3 4300U with Radeon Graphics,"1,348",493,NA,Unknown
Ryzen 3 5300G with Radeon Graphics,"2,223",805,NA,Unknown
Ryzen 3 5300GE with Radeon Graphics,"2,386",840,NA,Unknown
Ryzen 3 5300U with Radeon Graphics,"1,626",557,NA,Unknown
Ryzen 3 5400U with Radeon Graphics,"1,734",668,NA,Unknown
Ryzen 3 PRO 4200G with Radeon Graphics,"1,799",705,NA,Unknown
Ryzen 3 PRO 4200GE with Radeon Graphics,"1,784",587,NA,Unknown
Ryzen 3 PRO 4300U with Radeon Graphics,"1,543",539,NA,Unknown
Ryzen 3 Pro 4350G with Radeon Graphics,"2,190",663,NA,Unknown
Ryzen 3 PRO 4350GE with Radeon Graphics,"2,181",694,NA,Unknown
Ryzen 3 PRO 4450U with Radeon Graphics,"1,538",562,NA,Unknown
Ryzen 3 PRO 5350G with Radeon Graphics,"2,341",830,NA,Unknown
Ryzen 3 PRO 5350GE with Radeon Graphics,"2,341",821,NA,Unknown
Ryzen 3 PRO 5450U with Radeon Graphics,"1,556",644,NA,Unknown
Ryzen 5 2500U with Radeon Vega,"1,503",388,NA,Unknown
Ryzen 5 4500U with Radeon Graphics,"1,813",538,NA,Unknown
Ryzen 5 4600G with Radeon Graphics,"2,062",679,NA,Unknown
Ryzen 5 4600H with Radeon Graphics,"1,939",573,NA,Unknown
Ryzen 5 4600U with Radeon Graphics,"1,951",577,NA,Unknown
Ryzen 5 5500U with Radeon Graphics,"2,001",563,NA,Unknown
Ryzen 5 5600G with Radeon Graphics,"2,595",822,NA,Unknown
Ryzen 5 5600GE with Radeon Graphics,"2,602",886,NA,Unknown
Ryzen 5 5600H with Radeon Graphics,"2,387",730,NA,Unknown
Ryzen 5 5600U with Radeon Graphics,"2,160",673,NA,Unknown
Ryzen 5 PRO 4400G with Radeon Graphics,"2,306",599,NA,Unknown
Ryzen 5 PRO 4400GE with Radeon Graphics,"1,442",563,NA,Unknown
Ryzen 5 PRO 4500U with Radeon Graphics,"2,008",564,NA,Unknown
Ryzen 5 Pro 4650G with Radeon Graphics,"2,395",675,NA,Unknown
Ryzen 5 PRO 4650GE with Radeon Graphics,"1,977",649,NA,Unknown
Ryzen 5 PRO 4650U with Radeon Graphics,"1,696",526,NA,Unknown
Ryzen 5 PRO 5650G with Radeon Graphics,"2,513",873,NA,Unknown
Ryzen 5 PRO 5650GE with Radeon Graphics,"2,506",865,NA,Unknown
Ryzen 5 PRO 5650U with Radeon Graphics,"2,184",738,NA,Unknown
Ryzen 7 2700U with Radeon Vega,"1,617",442,NA,Unknown
Ryzen 7 4700G with Radeon Graphics,"2,187",671,NA,Unknown
Ryzen 7 4700GE with Radeon Graphics,"2,496",761,NA,Unknown
Ryzen 7 4700U with Radeon Graphics,"2,033",553,NA,Unknown
Ryzen 7 4800H with Radeon Graphics,"2,113",585,NA,Unknown
Ryzen 7 4800HS with Radeon Graphics,"6,999",355,NA,Unknown
Ryzen 7 4800U with Radeon Graphics,"2,344",570,NA,Unknown
Ryzen 7 5700G with Radeon Graphics,"2,709",846,NA,Unknown
Ryzen 7 5700GE with Radeon Graphics,"2,675",894,NA,Unknown
Ryzen 7 5700U with Radeon Graphics,"2,289",601,NA,Unknown
Ryzen 7 5800H with Radeon Graphics,"2,833",789,NA,Unknown
Ryzen 7 5800HS with Radeon Graphics,"7,391",522,NA,Unknown
Ryzen 7 5800U with Radeon Graphics,"2,467",729,NA,Unknown
Ryzen 7 Extreme Edition,"2,158",559,NA,Unknown
Ryzen 7 PRO 4700G with Radeon Graphics,"2,880",712,NA,Unknown
Ryzen 7 Pro 4750G with Radeon Graphics,"2,682",702,NA,Unknown
Ryzen 7 PRO 4750GE with Radeon Graphics,"2,550",683,NA,Unknown
Ryzen 7 PRO 4750U with Radeon Graphics,"2,028",548,NA,Unknown
Ryzen 7 PRO 5750G with Radeon Graphics,"2,591",894,NA,Unknown
Ryzen 7 PRO 5750GE with Radeon Graphics,"2,613",876,NA,Unknown
Ryzen 7 PRO 5850U with Radeon Graphics,"2,440",742,NA,Unknown
Ryzen 9 4900H with Radeon Graphics,"2,714",691,NA,Unknown
Ryzen 9 5900HS with Radeon Graphics,"5,049",576,NA,Unknown
Ryzen 9 5900HX with Radeon Graphics,"2,968",799,NA,Unknown
Ryzen 9 5980HS with Radeon Graphics,"2,534",830,NA,Unknown
S3 5400EW,145,10,NA,Unknown
S3 Chrome 430 ULP,40,310,NA,Unknown
S3 Chrome S25 DDR2,18,252,NA,Unknown
S3 Inc. Savage4,3,21,NA,Unknown
S3 ProSavageDDR,1,41,NA,Unknown
S3 SuperSavage/IXC 1014,2,147,NA,Unknown
SAPPHIRE RADEON 9000 ATLANTIS PRO,5,158,NA,Unknown
SAPPHIRE RADEON 9600 ATLANTIS,47,149,NA,Unknown
SAPPHIRE Radeon X1550,61,285,NA,Unknown
Sapphire RADEON X800 GT,113,274,NA,Unknown
Seria Mobility Radeon HD 3400,125,148,NA,Unknown
Seria Radeon HD 7700,"1,604",201,NA,Unknown
SUMO 9640,650,398,NA,Unknown
SUMO 9644,466,386,NA,Unknown
SUMO 964A,498,403,NA,Unknown
T1000,"7,833",833,NA,Unknown
T1000 8GB,"7,370",846,NA,Unknown
T1200 Laptop GPU,"7,899",370,NA,Unknown
T400,"3,645",572,NA,Unknown
T400 4GB,"3,848",789,NA,Unknown
T500,"3,602",294,NA,Unknown
T550 Laptop GPU,"4,894",364,NA,Unknown
T600,"6,511",729,NA,Unknown
T600 Laptop GPU,"6,725",334,NA,Unknown
TENSOR 1.0 Driver Intel HD 630,"1,300",873,NA,Unknown
Tesla C2050,"3,515",493,NA,Unknown
Tesla C2050 / C2070,"3,428",568,238,Workstation
Tesla C2070,"3,101",494,247,Workstation
Tesla C2075,"3,118",589,NA,Unknown
Tesla K20m,"5,675",377,NA,Unknown
Tesla K20Xm,"5,428",329,NA,Unknown
Tesla K40m,705,21,NA,Unknown
Tesla M10,"3,490",522,NA,Unknown
Tesla M2070-Q,"1,306",444,NA,Unknown
Tesla M40,"10,117",364,NA,Unknown
Tesla M40 24GB,"11,658",372,NA,Unknown
Tesla M6,"7,509",441,NA,Unknown
Tesla M60,"7,771",563,NA,Unknown
Tesla P100-PCIE-16GB,"7,225",572,NA,Unknown
Tesla T10,"13,264",624,NA,Unknown
Tesla T4,"11,113",567,NA,Unknown
Tesla V100-SXM2-16GB,"16,235",406,NA,Unknown
TITAN RTX,"20,169",844,280,Workstation
TITAN V,"18,816",845,250,Desktop
TITAN V CEO Edition,"16,988","1,086",250,Desktop
TITAN Xp,"19,508",992,NA,Unknown
TITAN Xp COLLECTORS EDITION,"18,721",924,250,Desktop
TRINITY DEVASTATOR MOBILE,699,335,NA,Unknown
TRINITY SCRAPPER MOBILE,498,280,NA,Unknown
V9560XT V62.11,6,86,NA,Unknown
Vanta/Vanta LT,3,91,NA,Unknown
VIA Chrome9 HC IGP,4,167,NA,Unknown
VIA Chrome9 HC IGP Family,4,178,NA,Unknown
VIA Chrome9 HC IGP Family WDDM,4,165,NA,Unknown
VIA Chrome9 HC IGP Prerelease WDDM 1.1,2,100,NA,Unknown
VIA Chrome9 HC IGP WDDM,3,144,NA,Unknown
VIA Chrome9 HC IGP WDDM 1.1,3,147,NA,Unknown
VIA Chrome9 HC3 IGP,3,157,NA,Unknown
VIA Chrome9 HCM IGP,2,94,NA,Unknown
VIA Chrome9 HD IGP,9,59,NA,Unknown
VIA/S3G C-645/640 GPU,163,122,NA,Unknown
VIA/S3G Chrome 645/640 GPU,110,161,NA,Unknown
VIA/S3G DeltaChrome IGP,3,125,NA,Unknown
VIA/S3G KM400/KN400,4,124,NA,Unknown
VIA/S3G UniChrome IGP,4,164,NA,Unknown
VIA/S3G UniChrome Pro IGP,5,164,NA,Unknown
VIA/S3G UniChromeII,6,225,NA,Unknown
VisionTek Radeon 7000,2,117,NA,Unknown
WinFast A250 LE,5,197,NA,Unknown
WinFast GT 610,212,558,NA,Unknown
Xabre,5,28,NA,Unknown
XFX Radeon HD 4650 AGP,110,138,NA,Unknown
XGI Volari Family v1.13.23.D_V,5,34,NA,Unknown
ZX Chrome 645/640 GPU,147,220,NA,Unknown
zxcvIntel HD 620,944,208,NA,Unknown